org_id,name
ChangemakerXchange,ChangemakerXchange
Whirly One,Whirly One
KENZAP,KENZAP
PORR Group,PORR Group
ESG Middle East Insights,ESG Middle East Insights
Onbaz,Onbaz
Rugvista AB,Rugvista AB
Malba Project,Malba Project
Circular Library Network (previously Munasafn RVK Tool Library),Circular Library Network (previously Munasafn RVK Tool Library)
do-be consulting AB,do-be consulting AB
Happy Ears Earplugs,Happy Ears Earplugs
Razor Group,Razor Group
Supercritical Solutions,Supercritical Solutions
SensoryWind,SensoryWind
Sony Europe,Sony Europe
BettaF!sh,BettaF!sh
Pale blue dot,Pale blue dot
Self-employed,Self-employed
Black Tie Property Services,Black Tie Property Services
2150,2150
ClimatePoint,ClimatePoint
PWN Norway,PWN Norway
MTR Lab Company Limited,MTR Lab Company Limited
EIT InnoEnergy,EIT InnoEnergy
novoMOF AG,novoMOF AG
better ventures,better ventures
HV Capital,HV Capital
Unreasonable,Unreasonable
STAGE Programme,STAGE Programme
ihopa.com,ihopa.com
Headline,Headline
Elaia,Elaia
Netcompany,Netcompany
Association Bilan Carbone,Association Bilan Carbone
Bilburry Consulting,Bilburry Consulting
Malcon Invest,Malcon Invest
Palau Project,Palau Project
La Loyka,La Loyka
Simon-Kucher,Simon-Kucher
Saab,Saab
BAT,BAT
Kvadrat Malmö AB,Kvadrat Malmö AB
Lunds universitet,Lunds universitet
Acute Doctor,Acute Doctor
Position Green,Position Green
icare Sustainably International,icare Sustainably International
Remote Rebellion,Remote Rebellion
Jadi PNS,Jadi PNS
United Nations Global Compact,United Nations Global Compact
Sumbios AI,Sumbios AI
OpenAtlas,OpenAtlas
Razgovor.mk,Razgovor.mk
Vidhance AB (formerly Imint Image Intelligence AB),Vidhance AB (formerly Imint Image Intelligence AB)
Hager Sverige,Hager Sverige
Equilize,Equilize
Design Scientist,Design Scientist
Skill Lab,Skill Lab
Ramen to Biiru,Ramen to Biiru
IKEA Group,IKEA Group
Research and Markets,Research and Markets
Upwork,Upwork
Dharma Funding Solutions,Dharma Funding Solutions
Scania Sverige,Scania Sverige
Heimstaden,Heimstaden
Wall to Wall Group AB,Wall to Wall Group AB
Greeneum Network,Greeneum Network
Start2 Group,Start2 Group
Ashoka,Ashoka
Nordisk Panorama Film Festival,Nordisk Panorama Film Festival
Climate Farmers,Climate Farmers
Dutt CSR Consulting AB,Dutt CSR Consulting AB
Mabanaft,Mabanaft
Farmforce AS,Farmforce AS
nan,nan
"Openfor.co, Inc.","Openfor.co, Inc."
Inrego,Inrego
Order Nordic AB,Order Nordic AB
Scholz & Friends,Scholz & Friends
Aspia,Aspia
Malmö University,Malmö University
Marienhaus-Gruppe,Marienhaus-Gruppe
Castellum,Castellum
"IDOM Consulting, Engineering, Architecture","IDOM Consulting, Engineering, Architecture"
IKEA Retail Sweden,IKEA Retail Sweden
Admiral Studios,Admiral Studios
Eye on Ivy,Eye on Ivy
VISPIRON SYSTEMS GmbH,VISPIRON SYSTEMS GmbH
Humble Group,Humble Group
Allianz,Allianz
Nordgetreide GmbH & Co. KG,Nordgetreide GmbH & Co. KG
Elon Group AB,Elon Group AB
SISP - Swedish Incubators & Science Parks,SISP - Swedish Incubators & Science Parks
Derum AB,Derum AB
VIRIDAD,VIRIDAD
EcoVadis,EcoVadis
BioGaia AB,BioGaia AB
HiveMind Network,HiveMind Network
My Dream Now,My Dream Now
Leadership & Sustainability,Leadership & Sustainability
H&M Lifestyle Brands på H&M,H&M Lifestyle Brands på H&M
Sproud,Sproud
Oatly,Oatly
Nederman,Nederman
Copenhagen Fashion Week,Copenhagen Fashion Week
Svaletech,Svaletech
Nolato,Nolato
Kährs Group,Kährs Group
Deloitte,Deloitte
Bona AB,Bona AB
the LEGO Group,the LEGO Group
BASF AB,BASF AB
Duni Group,Duni Group
Zensei consulting,Zensei consulting
Fiegenbaum Solutions,Fiegenbaum Solutions
KEAN International,KEAN International
metamorphosis global,metamorphosis global
Founder Institute,Founder Institute
GreenPlaces,GreenPlaces
Effektfullt,Effektfullt
Lighthouse Energy Ltd.,Lighthouse Energy Ltd.
The House,The House
Acıbadem Technology,Acıbadem Technology
Growth Moves Club,Growth Moves Club
IUGEN - Istanbul University Genetics Club,IUGEN - Istanbul University Genetics Club
Malmö Redhawks,Malmö Redhawks
Räddningtjänsten Väst,Räddningtjänsten Väst
Virtualahan,Virtualahan
Besakule Pharmacy,Besakule Pharmacy
Youth Pawa,Youth Pawa
HBL - Habib Bank Limited,HBL - Habib Bank Limited
BeckUp Consulting,BeckUp Consulting
Nobilegroup,Nobilegroup
Axolotl Biosystems,Axolotl Biosystems
Storbildsfabriken AB,Storbildsfabriken AB
Lano,Lano
Cohabit,Cohabit
Medborgarskolan,Medborgarskolan
MAGICTRIBE MEDIA LTD,MAGICTRIBE MEDIA LTD
Wavestone,Wavestone
biogeen GmbH,biogeen GmbH
COP29 Azerbaijan,COP29 Azerbaijan
OpenUp,OpenUp
MöbelOutleten,MöbelOutleten
UP Catalyst,UP Catalyst
Synergy International Systems,Synergy International Systems
Together4Impact,Together4Impact
Copenhagen Business School,Copenhagen Business School
eco:fibr,eco:fibr
kontakt kollektiv,kontakt kollektiv
VOYAGERS Climate-Tech and Health-Tech Funds,VOYAGERS Climate-Tech and Health-Tech Funds
Zebra Growth,Zebra Growth
Iwishventures,Iwishventures
Natural Sagas AB,Natural Sagas AB
Beamline Accelerator,Beamline Accelerator
Dialectica,Dialectica
Emerture,Emerture
UNDER ONE SKY,UNDER ONE SKY
Furuboda Association,Furuboda Association
CERCINO AB,CERCINO AB
herMoney,herMoney
Aarhus Universitet,Aarhus Universitet
European Sperm Bank,European Sperm Bank
Reform GmbH,Reform GmbH
RadCap,RadCap
Clip-Lok SimPak Europe Limited,Clip-Lok SimPak Europe Limited
La Land,La Land
Palladium: Make It Possible,Palladium: Make It Possible
getpaid,getpaid
Ephelia Group,Ephelia Group
Seebacher Fleischmann Müller Rechtsanwälte für Arbeitsrecht,Seebacher Fleischmann Müller Rechtsanwälte für Arbeitsrecht
Purple Ivy,Purple Ivy
Veolia,Veolia
ISS Facility Services sweden,ISS Facility Services sweden
Transform with GG,Transform with GG
"Mes Cycles, Mes Règles","Mes Cycles, Mes Règles"
Mount Everest Forest Botanicals Alliance,Mount Everest Forest Botanicals Alliance
Sialia Yachts,Sialia Yachts
Genpact,Genpact
Voiz Academy,Voiz Academy
SAP,SAP
U.D. URBAN DESIGN AB,U.D. URBAN DESIGN AB
The Conference Corner,The Conference Corner
Innovative Management Partner IMP,Innovative Management Partner IMP
Candam Tech,Candam Tech
Mitigate 🇱🇻 🇺🇦,Mitigate 🇱🇻 🇺🇦
Arweqah Alreyadah || أروقة الريادة,Arweqah Alreyadah || أروقة الريادة
NGO YES: Yes for Tomorrow - Youth Education and Support,NGO YES: Yes for Tomorrow - Youth Education and Support
LiveVoice,LiveVoice
Novatopia,Novatopia
world4you Internet Services GmbH,world4you Internet Services GmbH
Metacon GmbH,Metacon GmbH
Capgemini Invent,Capgemini Invent
Sony,Sony
German RETech Partnership e.V.,German RETech Partnership e.V.
CALIDA GROUP DIGITAL GmbH,CALIDA GROUP DIGITAL GmbH
WhatAVenture,WhatAVenture
EVACO GmbH,EVACO GmbH
Veolia Deutschland,Veolia Deutschland
ISWA International Solid Waste Association,ISWA International Solid Waste Association
BlackForest Solutions GmbH,BlackForest Solutions GmbH
Lunamière Studio,Lunamière Studio
cse ventures GmbH,cse ventures GmbH
Sygin Consulting,Sygin Consulting
Tokhum Agro,Tokhum Agro
Annolive AI,Annolive AI
The Usher Agency,The Usher Agency
circuly,circuly
Kolibri,Kolibri
Panoramatiks,Panoramatiks
Distribusion Technologies,Distribusion Technologies
Yainvest,Yainvest
MAIA RESHEF HOFFMANN,MAIA RESHEF HOFFMANN
[Social Impact Startup],[Social Impact Startup]
olawallstrom.com,olawallstrom.com
Region Skåne,Region Skåne
Sustein Material,Sustein Material
RPG Brands,RPG Brands
Closed On Monday,Closed On Monday
Earth Cubs,Earth Cubs
Fridays For Future International,Fridays For Future International
The Mindful CEO,The Mindful CEO
Wildya,Wildya
alchemia-nova,alchemia-nova
chilli,chilli
Citywire,Citywire
Ministry Of Industry - Republic Of Lebanon,Ministry Of Industry - Republic Of Lebanon
AUTO1 Group,AUTO1 Group
Selbstständig,Selbstständig
Deeploy,Deeploy
Impact Hero,Impact Hero
VAPU Oy,VAPU Oy
Collège Buissonnière,Collège Buissonnière
Wecatalyst,Wecatalyst
ValleyDAO,ValleyDAO
Uptrack,Uptrack
Superfried,Superfried
Akuret,Akuret
Wicked Community,Wicked Community
ClimaTalk,ClimaTalk
Botildenborg,Botildenborg
Kelp Blue,Kelp Blue
We Don't Need Roads,We Don't Need Roads
BESE-products®,BESE-products®
Artenglück,Artenglück
CircularPlace,CircularPlace
Solar Rain,Solar Rain
Purple IVY,Purple IVY
Ingka Centres,Ingka Centres
OnePointFive (opf.degree),OnePointFive (opf.degree)
Vellinge kommun,Vellinge kommun
Venture Cup Sweden,Venture Cup Sweden
Malmö Food Council,Malmö Food Council
Raviteq,Raviteq
Altered Company,Altered Company
SECO,SECO
Pioneers.io,Pioneers.io
Studentenwerk München,Studentenwerk München
Fraunhofer Venture,Fraunhofer Venture
Confidante,Confidante
CORT,CORT
Junedotso,Junedotso
Lyght Living,Lyght Living
Kaizen Gaming,Kaizen Gaming
Altabel Group,Altabel Group
Fastighetsägarna,Fastighetsägarna
AC Biode,AC Biode
University of Toronto,University of Toronto
Crypton Studio,Crypton Studio
CGT S.p.A.,CGT S.p.A.
Jefferson Wells Sverige,Jefferson Wells Sverige
Delante SEO / SEM Agency,Delante SEO / SEM Agency
TechBox Solutions,TechBox Solutions
Digital Consulting Solutions,Digital Consulting Solutions
CHVISUAL,CHVISUAL
ValueAdd,ValueAdd
NAECO,NAECO
KLEOS GmbH,KLEOS GmbH
New Economy,New Economy
uptraded,uptraded
Aila,Aila
LearnJam,LearnJam
Klim,Klim
Harvest Care,Harvest Care
LEAF Inspiring Change GmbH,LEAF Inspiring Change GmbH
Climate Guardians,Climate Guardians
Benthos.ai,Benthos.ai
NEWORN,NEWORN
START Hamburg,START Hamburg
Ganddee,Ganddee
Youth Focus North West,Youth Focus North West
PALGAE,PALGAE
Wells Fargo,Wells Fargo
SuperCharge Your Family,SuperCharge Your Family
Alfa Laval,Alfa Laval
Wallenius Water,Wallenius Water
CASAMARE,CASAMARE
DR LINDEMANN CONSULTING,DR LINDEMANN CONSULTING
Lund University,Lund University
Vilje Tech,Vilje Tech
Ideon Science Park,Ideon Science Park
Well-being Lab,Well-being Lab
Chemwise,Chemwise
Kontrast,Kontrast
InnovX,InnovX
Superbet,Superbet
Mindpark,Mindpark
ULRIKA GYLLSTAD AB,ULRIKA GYLLSTAD AB
Young Animal Rescue Heroes,Young Animal Rescue Heroes
Bönland,Bönland
Walmed AB,Walmed AB
MyEatPal,MyEatPal
Eny Consulting Inc.,Eny Consulting Inc.
Odaseva,Odaseva
Edda Knowledge,Edda Knowledge
European Spallation Source ERIC,European Spallation Source ERIC
Topsort,Topsort
Malmö Live Konserthus,Malmö Live Konserthus
venturerock,venturerock
Cascais Ambiente - EMAC,Cascais Ambiente - EMAC
Startup Guide,Startup Guide
NORION,NORION
Experis Sweden,Experis Sweden
Medical Device HQ,Medical Device HQ
SolarHub GmbH,SolarHub GmbH
Great IT,Great IT
WEIQ - More time for service,WEIQ - More time for service
Sustainable Change Studio,Sustainable Change Studio
Connected Skills,Connected Skills
Grant Thornton Sweden,Grant Thornton Sweden
Newsmith Solutions,Newsmith Solutions
ARKCo.AB,ARKCo.AB
less-studio,less-studio
Hyperum LTD,Hyperum LTD
Minut,Minut
Doemens Akademie,Doemens Akademie
ClimateHero,ClimateHero
Revolut,Revolut
Mind your English,Mind your English
Tilia Impact Ventures,Tilia Impact Ventures
Sink or Swim Innovation AB,Sink or Swim Innovation AB
Kestrix,Kestrix
Peggada,Peggada
Beluga Pods,Beluga Pods
Danish Business Angels - DanBAN,Danish Business Angels - DanBAN
Betawaves,Betawaves
Malmö stad,Malmö stad
Thoren Business School,Thoren Business School
AkzoNobel,AkzoNobel
Bundesagentur für Arbeit,Bundesagentur für Arbeit
Impact Loop,Impact Loop
Cloudflare,Cloudflare
Equanimity Engineering AB,Equanimity Engineering AB
GMC Karlstad AB,GMC Karlstad AB
PBS Generation,PBS Generation
Voxwise,Voxwise
Visor.ai,Visor.ai
Gullers Grupp,Gullers Grupp
EDUCATION EMPOWERMENT FOR RURAL AND URBAN SLUMS INITIATIVE,EDUCATION EMPOWERMENT FOR RURAL AND URBAN SLUMS INITIATIVE
Hållbar Utveckling Skåne,Hållbar Utveckling Skåne
EXECUTE Management AB,EXECUTE Management AB
Watersprint,Watersprint
Say Jes kommunikation,Say Jes kommunikation
Elmia AB,Elmia AB
Norden Impact,Norden Impact
Kävlinge kommun,Kävlinge kommun
Teknikföretagens Branschgrupper,Teknikföretagens Branschgrupper
Frontit,Frontit
AVEVA Select Scandinavia (formerly Wonderware Scandinavia),AVEVA Select Scandinavia (formerly Wonderware Scandinavia)
"NGO ""Poruch""","NGO ""Poruch"""
Euro-BioImaging,Euro-BioImaging
Buy Yourself,Buy Yourself
Malmö universitet,Malmö universitet
Nipromec Group,Nipromec Group
Selvstendig næringsdrivende,Selvstendig næringsdrivende
Aalto University,Aalto University
beVisioneers: The Mercedes-Benz Fellowship,beVisioneers: The Mercedes-Benz Fellowship
Pandy,Pandy
HydrogenPro,HydrogenPro
Keller / Streiter & Sudars GbR,Keller / Streiter & Sudars GbR
Green Communication,Green Communication
Stena Recycling AB,Stena Recycling AB
Climate Action Week - Malmö University,Climate Action Week - Malmö University
WIN Water,WIN Water
UN Association of Sweden / Svenska FN-förbundet,UN Association of Sweden / Svenska FN-förbundet
SENS Sustainable Energy Solutions,SENS Sustainable Energy Solutions
JD Sports Fashion plc,JD Sports Fashion plc
BMW Group,BMW Group
:response - ESG & Sustainability Consulting,:response - ESG & Sustainability Consulting
Capgemini,Capgemini
Port of Seattle,Port of Seattle
Göteborgs Stad,Göteborgs Stad
CEI CONFERENZA EPISCOPALE ITALIANA,CEI CONFERENZA EPISCOPALE ITALIANA
Preply,Preply
Advice2You,Advice2You
Bosch Energy and Building Solutions,Bosch Energy and Building Solutions
Svea Vaccin,Svea Vaccin
Climate Action Week,Climate Action Week
Re:meat,Re:meat
Swedish Red Cross,Swedish Red Cross
Supreme Sports Hospitality,Supreme Sports Hospitality
VF Corporation,VF Corporation
ABC - Active Contributions for People and the Environment,ABC - Active Contributions for People and the Environment
Peter Cremer Holding GmbH & Co. KG,Peter Cremer Holding GmbH & Co. KG
PageGroup,PageGroup
Nordic Wellness,Nordic Wellness
Your.Rentals,Your.Rentals
accilium,accilium
TransAct - TRANSformation for sustainability in ACTion,TransAct - TRANSformation for sustainability in ACTion
Malmö Connection,Malmö Connection
Klöckner Pentaplast,Klöckner Pentaplast
MSB (Myndigheten för samhällsskydd och beredskap),MSB (Myndigheten för samhällsskydd och beredskap)
Arrow Lake,Arrow Lake
AmoreAqua AB,AmoreAqua AB
Ramboll,Ramboll
WIN marketplaces,WIN marketplaces
"Water, Power, Waste - PPP & Innovative Technologies","Water, Power, Waste - PPP & Innovative Technologies"
Friwa Invest,Friwa Invest
Arsam Robotics,Arsam Robotics
Ming Media,Ming Media
Cavendish Hydrogen,Cavendish Hydrogen
Ergosign GmbH,Ergosign GmbH
Develco Products,Develco Products
Tata Consultancy Services,Tata Consultancy Services
MicroSave Consulting (MSC),MicroSave Consulting (MSC)
IKEA,IKEA
Energieregion Hümmling,Energieregion Hümmling
E.ON Sverige,E.ON Sverige
Positiva Gruppen Syd,Positiva Gruppen Syd
Customer Alliance,Customer Alliance
inClimate.com (formerly ClimateU),inClimate.com (formerly ClimateU)
Secomea,Secomea
Precise Biometrics,Precise Biometrics
Carbon Equity,Carbon Equity
Airy,Airy
Logitech,Logitech
Faircado,Faircado
At One Ventures,At One Ventures
Acuie,Acuie
SymetryML,SymetryML
IAMRUNBOX,IAMRUNBOX
Danum Advisors BV,Danum Advisors BV
Aquavolt,Aquavolt
Vrije Universiteit Amsterdam (VU Amsterdam),Vrije Universiteit Amsterdam (VU Amsterdam)
Regeneration.VC,Regeneration.VC
Planeteers,Planeteers
BizPart Engage,BizPart Engage
MCJ,MCJ
Norrsken VC,Norrsken VC
Spring,Spring
Techmojo Solutions Pvt Ltd,Techmojo Solutions Pvt Ltd
OpenX Lab,OpenX Lab
WIN - Winning Innovation,WIN - Winning Innovation
dreamteam,dreamteam
Media Evolution,Media Evolution
Nordic Sustainability,Nordic Sustainability
FedEx,FedEx
Hotell Fängelset i Västervik,Hotell Fängelset i Västervik
Brightsales,Brightsales
Cortec,Cortec
Dallmer GmbH + Co. KG,Dallmer GmbH + Co. KG
Moll Wendén Advokatbyrå,Moll Wendén Advokatbyrå
OTAKOYI,OTAKOYI
MERC Community,MERC Community
Almi,Almi
Hazell,Hazell
Netlight,Netlight
Bladverkstaden,Bladverkstaden
UnternehmerTUM,UnternehmerTUM
Polarstern GmbH,Polarstern GmbH
Hövding Sverige AB,Hövding Sverige AB
UiPath,UiPath
Fogarolli,Fogarolli
DHL Express Sweden AB,DHL Express Sweden AB
groundcover,groundcover
Minc,Minc
Stadtwerke München GmbH,Stadtwerke München GmbH
STARTIN9,STARTIN9
Tel Aviv University,Tel Aviv University
Muscle Bug AB,Muscle Bug AB
AI Health Innovation Cluster,AI Health Innovation Cluster
Pubmint,Pubmint
Wix,Wix
marionsollbach consulting,marionsollbach consulting
hoopo,hoopo
Articulate,Articulate
Zeppelin,Zeppelin
Clip-Lok SimPak,Clip-Lok SimPak
Mathis Invest,Mathis Invest
CleverLabs,CleverLabs
Connect Sverige Region Syd,Connect Sverige Region Syd
Kinto Join LTD,Kinto Join LTD
AAE bv,AAE bv
Dreamdata,Dreamdata
HMSHost Nederland,HMSHost Nederland
Storm4,Storm4
Gemeinde Rommerskirchen,Gemeinde Rommerskirchen
Momentum,Momentum
Ferrotec Europe GmbH,Ferrotec Europe GmbH
Hifab Advisory,Hifab Advisory
C3 - Companies Creating Change,C3 - Companies Creating Change
Green Screen Environmental Film Festival,Green Screen Environmental Film Festival
SEB,SEB
Rockwell Automation,Rockwell Automation
Cabinet of Ministers of Azerbaijan Republic,Cabinet of Ministers of Azerbaijan Republic
Too Good To Go,Too Good To Go
Villo Tech Germany,Villo Tech Germany
Parker Hannifin,Parker Hannifin
The Ground,The Ground
Georg Fischer,Georg Fischer
FRÄNKISCHE,FRÄNKISCHE
Attero Recycling Pvt Ltd,Attero Recycling Pvt Ltd
Handtmann Systemtechnik GmbH & Co. KG,Handtmann Systemtechnik GmbH & Co. KG
Cellect,Cellect
Bilfinger Engineering,Bilfinger Engineering
Farasis Energy Europe GmbH,Farasis Energy Europe GmbH
Hymson,Hymson
IREC - Institut de Recerca en Energia de Catalunya,IREC - Institut de Recerca en Energia de Catalunya
ITA - Italian Trade Agency,ITA - Italian Trade Agency
Exitcom Recycling GmbH,Exitcom Recycling GmbH
Trans-World Events,Trans-World Events
GRAVIC GROUP,GRAVIC GROUP
ZF Group,ZF Group
Stena Recycling Finland,Stena Recycling Finland
Ryosho Europe GmbH,Ryosho Europe GmbH
STING,STING
Zhejiang Hangke Technology Incorporated Company,Zhejiang Hangke Technology Incorporated Company
UTAC,UTAC
Samskip,Samskip
"Ödet is a ""green hub in the making"", a workspace/knowledge center within circular/sharing economy.","Ödet is a ""green hub in the making"", a workspace/knowledge center within circular/sharing economy."
Karma Capital Group,Karma Capital Group
thyssenkrupp Management Consulting,thyssenkrupp Management Consulting
HILFREICH IR,HILFREICH IR
Bayernwerk,Bayernwerk
Makula Technology,Makula Technology
A-Scale.,A-Scale.
Restaurant Fuxbau,Restaurant Fuxbau
Egenföretagare,Egenföretagare
Profesional independiente,Profesional independiente
Lund Business Incubator AB,Lund Business Incubator AB
Nordea,Nordea
Partner in Change AB,Partner in Change AB
Locaboo,Locaboo
BlueMovement,BlueMovement
Aktarr,Aktarr
AI Sweden,AI Sweden
Folksam,Folksam
DealGuru AB,DealGuru AB
Verisure,Verisure
Ericsson,Ericsson
Opticos,Opticos
Code Gaia,Code Gaia
Bridgemaker,Bridgemaker
LivaNova,LivaNova
EGN Sverige,EGN Sverige
Birthlight,Birthlight
"Miljöförvaltningen, Malmö stad","Miljöförvaltningen, Malmö stad"
Dapper Marketing,Dapper Marketing
Implement Consulting Group,Implement Consulting Group
ALTPHILAS,ALTPHILAS
European Commission,European Commission
HMC Företagshälsa i Skåne AB,HMC Företagshälsa i Skåne AB
Personio,Personio
PwC,PwC
Arla Foods Netherlands & Belgium,Arla Foods Netherlands & Belgium
Brandwatch,Brandwatch
"Deaf-Tek Studio, Founder","Deaf-Tek Studio, Founder"
Venture Cup Sverige,Venture Cup Sverige
Almi Skåne,Almi Skåne
LiveGreen Festivals & Academy,LiveGreen Festivals & Academy
Trygg-Hansa,Trygg-Hansa
LimeTip,LimeTip
Ellie Studios,Ellie Studios
Gardevärn,Gardevärn
Fearless Founders,Fearless Founders
Copenhagen Data,Copenhagen Data
DöhlerGroup,DöhlerGroup
Sten K. Johnson Centre for Entrepreneurship at Lund University,Sten K. Johnson Centre for Entrepreneurship at Lund University
IBM,IBM
Taxwize.ai,Taxwize.ai
University of Oxford,University of Oxford
accurent,accurent
OSCAR GmbH,OSCAR GmbH
Hem Design Studio,Hem Design Studio
SwIdeas AB,SwIdeas AB
Daniel Wellington,Daniel Wellington
Med Rank Interactive,Med Rank Interactive
evayogauniverse,evayogauniverse
Orcan Energy AG,Orcan Energy AG
PK Sound,PK Sound
Säljkompetens AB,Säljkompetens AB
Предприниматель,Предприниматель
Nyström & Partner i Sverige AB,Nyström & Partner i Sverige AB
Yook,Yook
Stealth Startup,Stealth Startup
SwipeJobb AB,SwipeJobb AB
EM Consulting,EM Consulting
Antler,Antler
Mobile Heights,Mobile Heights
Exact Sciences,Exact Sciences
pej,pej
Research Institute of Organic Agriculture FiBL,Research Institute of Organic Agriculture FiBL
Studentkåren Malmö,Studentkåren Malmö
NyföretagarCentrum Öresund,NyföretagarCentrum Öresund
European Parliament,European Parliament
El Paso Leadership Academy,El Paso Leadership Academy
Söderberg & Partners,Söderberg & Partners
Nudgd,Nudgd
Alovivum AB,Alovivum AB
UNOPS,UNOPS
Ambu A/S,Ambu A/S
Länsstyrelsen Skåne,Länsstyrelsen Skåne
Buildahome Webbyrå 🦒,Buildahome Webbyrå 🦒
Stichting Love Foundation,Stichting Love Foundation
Diplomasafe,Diplomasafe
Universidad de la República,Universidad de la República
Malmö FF,Malmö FF
Productive Playhouse,Productive Playhouse
Safe-Hub Berlin,Safe-Hub Berlin
HARGASSNER Ges mbH,HARGASSNER Ges mbH
Stadium,Stadium
Lilla Edets kommun,Lilla Edets kommun
Institut Wupperfeld e.K.,Institut Wupperfeld e.K.
FC Rosengård,FC Rosengård
Barcino Capitas Limited,Barcino Capitas Limited
Freelance,Freelance
AMPEERS ENERGY,AMPEERS ENERGY
Market Ecology Sweden AB,Market Ecology Sweden AB
Hyper Accelerator,Hyper Accelerator
"NETZRO, SBC","NETZRO, SBC"
The Faculty of Engineering at Lund University,The Faculty of Engineering at Lund University
Pasturebird,Pasturebird
Alior Bank SA,Alior Bank SA
Myloc AB,Myloc AB
Jannuj AB,Jannuj AB
Graphicview I See U AB,Graphicview I See U AB
SwopShop,SwopShop
Addimotion,Addimotion
ELECTRONICSMIX,ELECTRONICSMIX
Återbruket Hållbarhetshub Sverige AB,Återbruket Hållbarhetshub Sverige AB
Clip-Lok SimPak Scandinavia,Clip-Lok SimPak Scandinavia
Medicon Village,Medicon Village
Plockhugget,Plockhugget
Soeco Kontorsmöbler Ab,Soeco Kontorsmöbler Ab
CM - Coaching & Organisationsberatung,CM - Coaching & Organisationsberatung
Social Impact gGmbH,Social Impact gGmbH
Hanken School of Economics,Hanken School of Economics
Novonesis,Novonesis
Mossagården,Mossagården
Carbon is money.,Carbon is money.
Drivers & Norris Group,Drivers & Norris Group
AECOM,AECOM
SALT - School of Applied Technology,SALT - School of Applied Technology
TG Studio,TG Studio
Pieter Pot,Pieter Pot
"Gimbio, Gesellsch. f. Informationsmanagement i. d. Biotechnologie mbH","Gimbio, Gesellsch. f. Informationsmanagement i. d. Biotechnologie mbH"
Soeco Kontorsmöbler AB,Soeco Kontorsmöbler AB
Time Doctor,Time Doctor
Xvii,Xvii
Vivaldi Global,Vivaldi Global
Shajinaz Eximpack Ltd.,Shajinaz Eximpack Ltd.
Stretchgruppen SE,Stretchgruppen SE
Nested Bio AB,Nested Bio AB
Advokatfirman Lindahl,Advokatfirman Lindahl
Bybi,Bybi
MAP360,MAP360
Folk & Frö,Folk & Frö
Godsinlösen Nordic AB (GIAB),Godsinlösen Nordic AB (GIAB)
Place2Place AB,Place2Place AB
Incredible Mess AB,Incredible Mess AB
Tetra Pak,Tetra Pak
FantasyGo,FantasyGo
DTU - Technical University of Denmark,DTU - Technical University of Denmark
Boston Consulting Group (BCG),Boston Consulting Group (BCG)
RheinEnergie AG,RheinEnergie AG
Miele,Miele
reflourish - Holistic Health Consulting,reflourish - Holistic Health Consulting
Nordic Scholars Leadership Institute,Nordic Scholars Leadership Institute
msg,msg
KPMG Belgium,KPMG Belgium
Energieagentur Ebersberg-München,Energieagentur Ebersberg-München
Herrenknecht AG,Herrenknecht AG
Consafe Logistics Group,Consafe Logistics Group
Schaeffler,Schaeffler
Amazon,Amazon
Kuhn Hohenlinden,Kuhn Hohenlinden
sonnen GmbH,sonnen GmbH
Carbon Maps,Carbon Maps
Jokabe Solutions,Jokabe Solutions
Institut für nachhaltige Energieversorgung,Institut für nachhaltige Energieversorgung
PAYCELET GmbH,PAYCELET GmbH
trail,trail
Strawberry,Strawberry
Stadt Amberg,Stadt Amberg
SoDime Communications,SoDime Communications
Stadtsparkasse München,Stadtsparkasse München
mysocial,mysocial
Gobyzapp.com,Gobyzapp.com
Iris von Arnim,Iris von Arnim
ClimatePartner,ClimatePartner
xFarm Technologies,xFarm Technologies
Lunds kommun,Lunds kommun
Founders Live,Founders Live
Mitt Liv AB (svb),Mitt Liv AB (svb)
Agrilution,Agrilution
Hermod Creation Agency,Hermod Creation Agency
Memodo GmbH,Memodo GmbH
LinkedIn mit System - Newsletter,LinkedIn mit System - Newsletter
Scandic Hotels,Scandic Hotels
Rlxback,Rlxback
Axis Communications,Axis Communications
LU Innovation,LU Innovation
Infra Motion Labs,Infra Motion Labs
Acetrait AB,Acetrait AB
Öresundskraft AB,Öresundskraft AB
Ferdinand-Steinbeis-Institut,Ferdinand-Steinbeis-Institut
Resilience Guardians,Resilience Guardians
Ung Företagsamhet Skåne,Ung Företagsamhet Skåne
Vetter Consulting,Vetter Consulting
vonFürstenberg,vonFürstenberg
Emotional Fitness Sweden,Emotional Fitness Sweden
Treety,Treety
RisePartner,RisePartner
Teamtailor,Teamtailor
Massachusetts General Hospital,Massachusetts General Hospital
Massachusetts Institute of Technology,Massachusetts Institute of Technology
TAILORS Group,TAILORS Group
Whal3 Capital,Whal3 Capital
NORDIC FOREST WORKER AB,NORDIC FOREST WORKER AB
"AEdge Capital, Inc.","AEdge Capital, Inc."
Dehner-Gruppe,Dehner-Gruppe
Drivhuset Malmö,Drivhuset Malmö
Lidl in Deutschland,Lidl in Deutschland
Global Maritime Forum,Global Maritime Forum
EMPOWER PARTNER AB,EMPOWER PARTNER AB
Qflow Group,Qflow Group
Pyper Vision,Pyper Vision
Påander Partner AB,Påander Partner AB
Ideburen Utveckling,Ideburen Utveckling
Schwäbische Werkzeugmaschinen,Schwäbische Werkzeugmaschinen
OreStocks.com,OreStocks.com
Allgäu Milch Käse EG,Allgäu Milch Käse EG
DKFZ German Cancer Research Center,DKFZ German Cancer Research Center
WA3RM AB,WA3RM AB
ThePowGuys,ThePowGuys
Stora Enso Oyj,Stora Enso Oyj
Sustainable Circles,Sustainable Circles
Blue Ocean Closures,Blue Ocean Closures
Anchor Management Consulting,Anchor Management Consulting
Hvalsø Savværk A/S,Hvalsø Savværk A/S
Etteplan,Etteplan
Picnic Technologies,Picnic Technologies
Bloomberg,Bloomberg
Actic Group (publ.),Actic Group (publ.)
Kristianstads kommun,Kristianstads kommun
Almi Företagspartner Skåne,Almi Företagspartner Skåne
DRÄXLMAIER Group,DRÄXLMAIER Group
BIRKENSTOCK,BIRKENSTOCK
Railpool GmbH,Railpool GmbH
Scale Energy,Scale Energy
Cloud Sales Talent,Cloud Sales Talent
Mediaplanet,Mediaplanet
L'Oréal,L'Oréal
Lufthansa,Lufthansa
KTH Royal Institute of Technology,KTH Royal Institute of Technology
NatureRe Capital AG,NatureRe Capital AG
GME clean power AG,GME clean power AG
ECO HORECA,ECO HORECA
EUROJET/MTU Aero Engines AG,EUROJET/MTU Aero Engines AG
Troubleshoot Labs,Troubleshoot Labs
BürgerEnergie Niederbayern eG,BürgerEnergie Niederbayern eG
Kyros Hydrogen Solutions,Kyros Hydrogen Solutions
RECUP GmbH,RECUP GmbH
TheartofbeingaMAN,TheartofbeingaMAN
MCube - Munich Cluster for the future of Mobility in Metropolitan Regions,MCube - Munich Cluster for the future of Mobility in Metropolitan Regions
Tatra banka,Tatra banka
everwave,everwave
Climanager,Climanager
DyeMansion,DyeMansion
Regenerators,Regenerators
Leadership Immersions https://gileshutchins.com/leadership-immersions/,Leadership Immersions https://gileshutchins.com/leadership-immersions/
Regeneration Academy,Regeneration Academy
AO Foundation,AO Foundation
PaperTale,PaperTale
DannieQuilitzsch.com,DannieQuilitzsch.com
Bolt,Bolt
Eluter,Eluter
Zurich Insurance,Zurich Insurance
eta Energieberatung GmbH,eta Energieberatung GmbH
CGI,CGI
GREENFORCE,GREENFORCE
Energie Südbayern GmbH,Energie Südbayern GmbH
Mizuno Corporation EMEA,Mizuno Corporation EMEA
Selbständig,Selbständig
Ahmed Group of Companies,Ahmed Group of Companies
Luther Rechtsanwaltsgesellschaft mbH,Luther Rechtsanwaltsgesellschaft mbH
Garten Christoph Fink EZ,Garten Christoph Fink EZ
Landeshauptstadt München,Landeshauptstadt München
JFF - Institut für Medienpädagogik in Forschung und Praxis,JFF - Institut für Medienpädagogik in Forschung und Praxis
Energieallianz Bayern GmbH & Co. KG,Energieallianz Bayern GmbH & Co. KG
CGS DeveloTec GmbH,CGS DeveloTec GmbH
MFI Asset Management,MFI Asset Management
We Don't Have Time,We Don't Have Time
SevenVentures,SevenVentures
KRONE Agriculture,KRONE Agriculture
MAN Truck & Bus SE,MAN Truck & Bus SE
Arla Foods,Arla Foods
Berliner Stadtwerke GmbH,Berliner Stadtwerke GmbH
Banteay Srei,Banteay Srei
Keller & Kalmbach GmbH,Keller & Kalmbach GmbH
Zeppelin Baumaschinen GmbH,Zeppelin Baumaschinen GmbH
Egeria,Egeria
Playa Musical Holding AG,Playa Musical Holding AG
EOS,EOS
Schöffel Sportbekleidung GmbH,Schöffel Sportbekleidung GmbH
World Climate Foundation,World Climate Foundation
Conscious Enterprises Network,Conscious Enterprises Network
Accelerated Growth AB,Accelerated Growth AB
Ingenics Consulting,Ingenics Consulting
Bettermeant,Bettermeant
ECOVIS Deutschland,ECOVIS Deutschland
SQUAD Fonds,SQUAD Fonds
Gilbert Silvius,Gilbert Silvius
OchtendMensen,OchtendMensen
Pickled Brands,Pickled Brands
EY,EY
Hotel Vier Jahreszeiten Kempinski München,Hotel Vier Jahreszeiten Kempinski München
Österreichischer Tennisverband,Österreichischer Tennisverband
CHECK24 Vergleichsportal,CHECK24 Vergleichsportal
Gemeente Helmond,Gemeente Helmond
Santander Consumer Bank - Nordics,Santander Consumer Bank - Nordics
femtasy / Pink Internet GmbH,femtasy / Pink Internet GmbH
PHAROS - The Post Group,PHAROS - The Post Group
Work Happy GmbH,Work Happy GmbH
Bürgerstiftung Pfalz,Bürgerstiftung Pfalz
Celonis,Celonis
De Processpecialisten,De Processpecialisten
NOW GmbH,NOW GmbH
City of Amsterdam,City of Amsterdam
Belllemeade Bistro,Belllemeade Bistro
Fraunhofer IIS,Fraunhofer IIS
Max Planck Institute of Biochemistry,Max Planck Institute of Biochemistry
Consensio,Consensio
HAT Hansaschutz GmbH & Co.KG,HAT Hansaschutz GmbH & Co.KG
ARCY,ARCY
sustainable AG Unternehmensberatung,sustainable AG Unternehmensberatung
REWE International AG,REWE International AG
interone,interone
"Reddit, Inc.","Reddit, Inc."
PwC Deutschland,PwC Deutschland
Stevens Consulting Group (Nordics),Stevens Consulting Group (Nordics)
Stillwater Energy,Stillwater Energy
ERM,ERM
Empowering Potential,Empowering Potential
FEV Consulting,FEV Consulting
Hood College,Hood College
Rohde & Schwarz,Rohde & Schwarz
Ligula Hospitality Group,Ligula Hospitality Group
ROC van Amsterdam | Flevoland,ROC van Amsterdam | Flevoland
JFrog,JFrog
Octopus Energy,Octopus Energy
Agile Robots SE,Agile Robots SE
McPhy,McPhy
Allianz Commercial,Allianz Commercial
HANS IM GLÜCK Franchise GmbH,HANS IM GLÜCK Franchise GmbH
Visionaries Club,Visionaries Club
DeepNLP,DeepNLP
Tolksdorf Communication GmbH,Tolksdorf Communication GmbH
BARMER,BARMER
TQ-Group,TQ-Group
NMM [Nicole M. Meier] LandschaftsArchitektur,NMM [Nicole M. Meier] LandschaftsArchitektur
Hetzner Cloud GmbH,Hetzner Cloud GmbH
Siemens,Siemens
Oberlandesgericht München,Oberlandesgericht München
SunOn Industrial Group Limited,SunOn Industrial Group Limited
Infineon Technologies,Infineon Technologies
Actemium Energy Projects GmbH,Actemium Energy Projects GmbH
Wacker Neuson Group,Wacker Neuson Group
NELA Next Economy Lab,NELA Next Economy Lab
INCiTiS FOOD,INCiTiS FOOD
"Zentrum für Anatomie, Charité - Universitätsmedizin Berlin","Zentrum für Anatomie, Charité - Universitätsmedizin Berlin"
Foodji,Foodji
Technische Hochschule Augsburg,Technische Hochschule Augsburg
nextwork GmbH,nextwork GmbH
ASMPT SMT Solutions,ASMPT SMT Solutions
FutureCamp Climate GmbH,FutureCamp Climate GmbH
Mediaplus Group,Mediaplus Group
Retarus,Retarus
Deloitte Consulting,Deloitte Consulting
Brandenburgische Technische Universität Cottbus-Senftenberg,Brandenburgische Technische Universität Cottbus-Senftenberg
Systemiq Ltd.,Systemiq Ltd.
Association for Vertical Farming,Association for Vertical Farming
Christian Koenen GmbH,Christian Koenen GmbH
SOLARBAKERY,SOLARBAKERY
othermo GmbH,othermo GmbH
Porsche Consulting,Porsche Consulting
MKT Krankentransport OHG,MKT Krankentransport OHG
Hypersonica,Hypersonica
Pflegeservice München e.V.,Pflegeservice München e.V.
CBRE Investment Management,CBRE Investment Management
Unternehmensgruppe Theo Müller,Unternehmensgruppe Theo Müller
Momentum Services Ltd,Momentum Services Ltd
juwi Group,juwi Group
LeadGenX,LeadGenX
Mynusco,Mynusco
Forbion,Forbion
air up®,air up®
MYn App,MYn App
UNESCO,UNESCO
Flottweg,Flottweg
LaVita GmbH,LaVita GmbH
OceanBiome,OceanBiome
MaxSolar GmbH,MaxSolar GmbH
Südvolt GmbH,Südvolt GmbH
BCON - Management Consultants,BCON - Management Consultants
Josef Seidl Gartenbau,Josef Seidl Gartenbau
TotalEnergies,TotalEnergies
TEAM FÜR TECHNIK GmbH,TEAM FÜR TECHNIK GmbH
Organic Garden,Organic Garden
Allianz Reinsurance,Allianz Reinsurance
Mews,Mews
BSC Energie GmbH,BSC Energie GmbH
ANU Bayern e.V.,ANU Bayern e.V.
ProLeiT,ProLeiT
SAMSON GROUP,SAMSON GROUP
Homenergy GmbH,Homenergy GmbH
Magnetic Sense GmbH,Magnetic Sense GmbH
Infosys,Infosys
Dragons Group,Dragons Group
Women In Carbon,Women In Carbon
Helmholtz Zentrum München,Helmholtz Zentrum München
TBU Ingenieurbüro GmbH,TBU Ingenieurbüro GmbH
IHH International Head Hunters,IHH International Head Hunters
BearingPoint,BearingPoint
ACE EV Group,ACE EV Group
Allianz Global Investors,Allianz Global Investors
RATIONAL AG,RATIONAL AG
Ludwig-Maximilians-Universität München,Ludwig-Maximilians-Universität München
ONOX,ONOX
Flughafen München,Flughafen München
Kyon Energy,Kyon Energy
Sky Deutschland GmbH,Sky Deutschland GmbH
LIEBERGE GmbH,LIEBERGE GmbH
STUDIO U DREI,STUDIO U DREI
KL Bikes Regensburg GmbH,KL Bikes Regensburg GmbH
FC Bayern München,FC Bayern München
"Bayerisches Staatsministerium für Wirtschaft, Landesentwicklung und Energie","Bayerisches Staatsministerium für Wirtschaft, Landesentwicklung und Energie"
Sandoz,Sandoz
Dream Games,Dream Games
Plan A,Plan A
Sentient Science,Sentient Science
Deepware UG,Deepware UG
Restaurant Komu by Christoph Kunz,Restaurant Komu by Christoph Kunz
Klar. Water Solutions,Klar. Water Solutions
ToWebOrNotToWeb,ToWebOrNotToWeb
flexis AG Supply Chain Solutions,flexis AG Supply Chain Solutions
MHP – A Porsche Company,MHP – A Porsche Company
Fricke Finance & Legal,Fricke Finance & Legal
Macdonald,Macdonald
Chalmers University of Technology,Chalmers University of Technology
Bluewater & Bridge,Bluewater & Bridge
v.works,v.works
Zam e.V. Augsburg,Zam e.V. Augsburg
WorkFlex,WorkFlex
NASA Ames Research Center,NASA Ames Research Center
Casa de Amparo,Casa de Amparo
Coolblue,Coolblue
farmtec A.L.T. Landmaschinen GmbH & Co. Vertriebs KG,farmtec A.L.T. Landmaschinen GmbH & Co. Vertriebs KG
VISPIRON ENERGY Group,VISPIRON ENERGY Group
greentech,greentech
sustainable AG,sustainable AG
Die BBH-Gruppe,Die BBH-Gruppe
SERA,SERA
Corinna Fromm Communication,Corinna Fromm Communication
"Landeshauptstadt München - Baureferat, Hauptabteilung Ingenieurbau","Landeshauptstadt München - Baureferat, Hauptabteilung Ingenieurbau"
Unifiller Systems,Unifiller Systems
E.ON Deutschland,E.ON Deutschland
Vestas,Vestas
Agrilution Systems GmbH,Agrilution Systems GmbH
FLAYR,FLAYR
andQFIVE,andQFIVE
Enery,Enery
Firmengruppe Max Bögl,Firmengruppe Max Bögl
Amanase,Amanase
Landratsamt Fürstenfeldbruck,Landratsamt Fürstenfeldbruck
EcoNetix,EcoNetix
Schaeffler Technologies AG & Co. KG,Schaeffler Technologies AG & Co. KG
Wiener Stadtwerke GmbH,Wiener Stadtwerke GmbH
Kreiskliniken Reutlingen GmbH,Kreiskliniken Reutlingen GmbH
Arup,Arup
Agrilution Systems GmbH (Entity of Miele & Cie. KG),Agrilution Systems GmbH (Entity of Miele & Cie. KG)
Ayurtea,Ayurtea
Baumer Group,Baumer Group
TeleSon Vertriebs GmbH,TeleSon Vertriebs GmbH
Scalable Capital,Scalable Capital
agrilution,agrilution
Spirit of OM,Spirit of OM
Brainlab,Brainlab
Larreno,Larreno
blink,blink
NeoCore Capital GmbH,NeoCore Capital GmbH
deepc,deepc
OCELL,OCELL
Landwärme GmbH,Landwärme GmbH
Dassault Systèmes,Dassault Systèmes
NVIDIA,NVIDIA
HypoVereinsbank - UniCredit - Deutschland,HypoVereinsbank - UniCredit - Deutschland
Mercedes-Benz AG,Mercedes-Benz AG
HMS Analytical Software | Data Science & Software Engineering Solutions,HMS Analytical Software | Data Science & Software Engineering Solutions
e-bot7 - AI for Customer Service,e-bot7 - AI for Customer Service
aeco,aeco
Zeppelin Group,Zeppelin Group
HelloFresh,HelloFresh
SFC Energy AG,SFC Energy AG
OLYX,OLYX
8CIRCULAR,8CIRCULAR
EUWA H. H. Eumann GmbH,EUWA H. H. Eumann GmbH
Christ&Company,Christ&Company
Encavis AG,Encavis AG
GREEN INNOVATION GROUP A/S,GREEN INNOVATION GROUP A/S
ENERPARC AG,ENERPARC AG
Kraftanlagen Energies & Services,Kraftanlagen Energies & Services
Wärtsilä,Wärtsilä
Greenovative GmbH,Greenovative GmbH
Systemseal,Systemseal
World Economic Forum,World Economic Forum
UniCredit,UniCredit
Malt,Malt
Studio 5s,Studio 5s
PwC Middle East,PwC Middle East
Lizumer Hütte,Lizumer Hütte
Global Landscapes Forum (GLF),Global Landscapes Forum (GLF)
KOM4TEC GmbH,KOM4TEC GmbH
HubSpot,HubSpot
Amprion GmbH,Amprion GmbH
ententee,ententee
Jungheinrich AG,Jungheinrich AG
Beaker Health,Beaker Health
Associação Movimento Mecenas da vida,Associação Movimento Mecenas da vida
E.ON,E.ON
SQUARED - the innovation factory by OBI,SQUARED - the innovation factory by OBI
Deutsche Gesellschaft für Internationale Zusammenarbeit (GIZ) GmbH,Deutsche Gesellschaft für Internationale Zusammenarbeit (GIZ) GmbH
Es-geht!-Energiesysteme GmbH,Es-geht!-Energiesysteme GmbH
Airbus,Airbus
Lichtblick,Lichtblick
Community Kitchen München,Community Kitchen München
Google,Google
"TTI, Inc. - Europe","TTI, Inc. - Europe"
SYSTEMIQ Ltd.,SYSTEMIQ Ltd.
Raise2Launch,Raise2Launch
REFER,REFER
Hochschule Weihenstephan-Triesdorf,Hochschule Weihenstephan-Triesdorf
SPRING SEARCH International,SPRING SEARCH International
Celenex Consulting,Celenex Consulting
ZNShine Solar,ZNShine Solar
Sales Cycle Club,Sales Cycle Club
Central Retail,Central Retail
ch-aviation,ch-aviation
MW Biomasse AG,MW Biomasse AG
Siemens Digital Industries Software,Siemens Digital Industries Software
Cabinet Sartre - Conseil et Expertise Comptable,Cabinet Sartre - Conseil et Expertise Comptable
Eco - Mantra,Eco - Mantra
Locavorize,Locavorize
Drumhierny Woodland Hideaway,Drumhierny Woodland Hideaway
LHM,LHM
Smart Forest,Smart Forest
BBRZ Reha GmbH,BBRZ Reha GmbH
Nova Money,Nova Money
Millicent Capital LLC,Millicent Capital LLC
Malta Enterprise,Malta Enterprise
Dream plus - Comércio de Produtos de Gastronomia Italiana,Dream plus - Comércio de Produtos de Gastronomia Italiana
Dealogic,Dealogic
AimSpace,AimSpace
Van Woudenberg Tuinplanten,Van Woudenberg Tuinplanten
Camelot Management Consultants,Camelot Management Consultants
RUF Beratung GmbH,RUF Beratung GmbH
BayWa r.e. EMEA,BayWa r.e. EMEA
Claudy Consulting,Claudy Consulting
PÜSPÖK Erneuerbare Energie,PÜSPÖK Erneuerbare Energie
Arcadis,Arcadis
GAB Tamagnini SRL,GAB Tamagnini SRL
Hapag-Lloyd AG,Hapag-Lloyd AG
Edenred Deutschland GmbH,Edenred Deutschland GmbH
mytheresa.com,mytheresa.com
Ministère des Armées,Ministère des Armées
REEEP - Investing in Clean Energy Markets,REEEP - Investing in Clean Energy Markets
Southern Lights,Southern Lights
Studio Empire,Studio Empire
PT. Mantra Bali - Environmentally Sustainable Design and Management,PT. Mantra Bali - Environmentally Sustainable Design and Management
congatec,congatec
VHV Gruppe,VHV Gruppe
wiwi consult GmbH & Co. KG,wiwi consult GmbH & Co. KG
Ganni A/S,Ganni A/S
ASPIRE,ASPIRE
Brose Group,Brose Group
ENOWA,ENOWA
MCI | The Entrepreneurial School®,MCI | The Entrepreneurial School®
AESG,AESG
Pelaser Oy,Pelaser Oy
Hochschule Weihenstephan,Hochschule Weihenstephan
Hochschule Weihenstephan: Sprachenzentrum,Hochschule Weihenstephan: Sprachenzentrum
KPMG España,KPMG España
Berge im Kopf,Berge im Kopf
Enercool,Enercool
BayWa r.e. Global,BayWa r.e. Global
Sonova Group,Sonova Group
PT. Mantra Bali,PT. Mantra Bali
kloeckner.i GmbH,kloeckner.i GmbH
Canio Invest,Canio Invest
Aritra Propulsion Pvt Ltd,Aritra Propulsion Pvt Ltd
BayWa r.e. Power Solutions GmbH,BayWa r.e. Power Solutions GmbH
Nativa,Nativa
NP Digital France,NP Digital France
BayWa AG,BayWa AG
Nordea Asset Management,Nordea Asset Management
Loewe,Loewe
tigerlab,tigerlab
Tribedo Oy,Tribedo Oy
fintogether,fintogether
KIABI,KIABI
Framery,Framery
BURTON of London,BURTON of London
Melitta Group,Melitta Group
Lidl International,Lidl International
"La Huerta de Fresno, Productos Vegetales Gourmet","La Huerta de Fresno, Productos Vegetales Gourmet"
EnergyEffizienz GmbH,EnergyEffizienz GmbH
Boostability,Boostability
