org_id,name
IKEA,IKEA
AI Sweden,AI Sweden
Fýri Resort,Fýri Resort
Kaper i Landskrona AB,Kaper i Landskrona AB
A.P. Moller - Maersk,A.P. Moller - Maersk
Helsingborgs stad,Helsingborgs stad
Innovation Skåne AB,Innovation Skåne AB
Orestad Innovation City Copenhagen,Orestad Innovation City Copenhagen
Kävlinge kommun,Kävlinge kommun
Principles of Intrapreneurial Capital,Principles of Intrapreneurial Capital
Pattrnz,Pattrnz
Techarenan,Techarenan
Fryshuset,Fryshuset
PlanetPeople AB,PlanetPeople AB
rek.ai,rek.ai
iHubs Sweden,iHubs Sweden
Innovation & Product Development,Innovation & Product Development
Kungsbacka kommun,Kungsbacka kommun
nan,nan
Freelance,Freelance
inClimate.com (formerly ClimateU),inClimate.com (formerly ClimateU)
Inter IKEA Systems B.V.,Inter IKEA Systems B.V.
Solved - The Cleantech Company,Solved - The Cleantech Company
Inrupt,Inrupt
Jessica Adams Coaching & Consulting,Jessica Adams Coaching & Consulting
Columbia | SIPA,Columbia | SIPA
SEE Learning Sverige,SEE Learning Sverige
New tech,New tech
Nrsstudios,Nrsstudios
Self-employed,Self-employed
Sustainability Collaborative,Sustainability Collaborative
Cocoon Program,Cocoon Program
Bo R. Andersson Bra Resultat AB,Bo R. Andersson Bra Resultat AB
FileandGo,FileandGo
NaturaTech LAC,NaturaTech LAC
GEN Europe,GEN Europe
ReGen Civics,ReGen Civics
SURF,SURF
Klöckner Pentaplast,Klöckner Pentaplast
The Abundance Fellowship,The Abundance Fellowship
Minc,Minc
Linköping University,Linköping University
SadrabSanat,SadrabSanat
Self-Employed,Self-Employed
AI Planet,AI Planet
AdvanceTech,AdvanceTech
Büro für Wagemut - Office for Audacity,Büro für Wagemut - Office for Audacity
Regenerative Futures,Regenerative Futures
International IDEA,International IDEA
Görakommunikation,Görakommunikation
ChangemakerXchange,ChangemakerXchange
Visit Skåne AB,Visit Skåne AB
Skill Lab,Skill Lab
Glutamat Kommunikation GmbH,Glutamat Kommunikation GmbH
Alpek,Alpek
Aya Data,Aya Data
"Riskoria Advising and Professional Services, LLC","Riskoria Advising and Professional Services, LLC"
The Customer Bureau,The Customer Bureau
Semantic Partners,Semantic Partners
Storytel,Storytel
Mercy Ships,Mercy Ships
Médecins Sans Frontières (MSF),Médecins Sans Frontières (MSF)
Capgemini Invent,Capgemini Invent
Startup in Stealth Mode,Startup in Stealth Mode
Graphifi,Graphifi
Norna,Norna
Genera Research Ltd.,Genera Research Ltd.
CHARISMA NOVA GmbH 🇨🇭Creative Agency for Future-Fit Transformations,CHARISMA NOVA GmbH 🇨🇭Creative Agency for Future-Fit Transformations
METRO.digital,METRO.digital
Future Branch Development,Future Branch Development
PwC Nederland,PwC Nederland
Lunds kommun,Lunds kommun
Ultipa,Ultipa
Issun Space,Issun Space
McMaster University,McMaster University
ALOHAS Regenerative Foundation,ALOHAS Regenerative Foundation
Saga Performance,Saga Performance
WonderBalance,WonderBalance
FMO - Dutch entrepreneurial development bank,FMO - Dutch entrepreneurial development bank
BMW Group,BMW Group
European Commission,European Commission
De La Paz Education Services,De La Paz Education Services
Google,Google
PwC Czech Republic,PwC Czech Republic
REBORRN,REBORRN
IndyKite,IndyKite
Leverhulme Centre for the Future of Intelligence,Leverhulme Centre for the Future of Intelligence
Knowit,Knowit
ProSiebenSat.1 Media SE,ProSiebenSat.1 Media SE
Baby Journey,Baby Journey
Mindsmiths,Mindsmiths
UBS,UBS
TransAct - TRANSformation for sustainability in ACTion,TransAct - TRANSformation for sustainability in ACTion
Neo4j,Neo4j
SoftServe,SoftServe
Snowflake,Snowflake
Eidra,Eidra
SISP - Swedish Incubators & Science Parks,SISP - Swedish Incubators & Science Parks
Genting Plantations,Genting Plantations
IBM,IBM
Hållbar Utveckling Skåne,Hållbar Utveckling Skåne
The NinetyNine AB,The NinetyNine AB
JD Sports Fashion plc,JD Sports Fashion plc
Mékong Plus Cambodia,Mékong Plus Cambodia
ReFab Lab,ReFab Lab
Universität Osnabrück,Universität Osnabrück
Danske Bank,Danske Bank
Spring Rain Pvt Ltd,Spring Rain Pvt Ltd
CEI CONFERENZA EPISCOPALE ITALIANA,CEI CONFERENZA EPISCOPALE ITALIANA
GreenMetrica,GreenMetrica
Studio Miradora,Studio Miradora
accilium,accilium
Bosch Energy and Building Solutions,Bosch Energy and Building Solutions
Your.Rentals,Your.Rentals
Artificial Intelligence I Real Estate | Investments | Wineyards Holding,Artificial Intelligence I Real Estate | Investments | Wineyards Holding
Ingka Centres,Ingka Centres
AMTA Association for Machine Translation in the Americas,AMTA Association for Machine Translation in the Americas
NYSA Sweden,NYSA Sweden
&Olives Travel,&Olives Travel
Drivkraft Malmö,Drivkraft Malmö
ReLowCode,ReLowCode
Kristianstad University,Kristianstad University
TOKSTARK,TOKSTARK
Amaris Consulting,Amaris Consulting
The Happiness Museum,The Happiness Museum
BrewDog,BrewDog
Capgemini Sverige AB,Capgemini Sverige AB
Department of Science and Technology,Department of Science and Technology
Microsoft,Microsoft
T-Kartor,T-Kartor
Capgemini,Capgemini
Siva Jeyam Granites,Siva Jeyam Granites
International Data Spaces Association (IDSA),International Data Spaces Association (IDSA)
BORRN,BORRN
LC Ventures Oy,LC Ventures Oy
Mobile Heights,Mobile Heights
IntegrityNext,IntegrityNext
Innovisor,Innovisor
Hövding Sverige AB,Hövding Sverige AB
Oxford Semantic Technologies,Oxford Semantic Technologies
Devoteam Creative Tech,Devoteam Creative Tech
Revolut,Revolut
Global Gurus,Global Gurus
Sparbanken Skåne,Sparbanken Skåne
Airbus,Airbus
Conference Producer,Conference Producer
EPAM Systems,EPAM Systems
Mashup,Mashup
Superprof,Superprof
LifeStyle Management AB,LifeStyle Management AB
Prospect Engine,Prospect Engine
2021.AI,2021.AI
Plutoshift AI,Plutoshift AI
Burlövs kommun,Burlövs kommun
Malcon Invest,Malcon Invest
The House,The House
Credo AI,Credo AI
Ideon Science Park,Ideon Science Park
Simula Metropolitan Center for Digital Engineering,Simula Metropolitan Center for Digital Engineering
Earley Information Science,Earley Information Science
Systems Limited,Systems Limited
IKEA IBERICA SA,IKEA IBERICA SA
Red Hat,Red Hat
Empathy.co,Empathy.co
IKEA Group,IKEA Group
Decathlon Digital,Decathlon Digital
Multiply,Multiply
Ocos,Ocos
molotuff,molotuff
Nord Security,Nord Security
MD Anderson Cancer Center,MD Anderson Cancer Center
SAP,SAP
Hotell Fängelset i Västervik,Hotell Fängelset i Västervik
LeadGenX,LeadGenX
Equanimity Engineering AB,Equanimity Engineering AB
Mars,Mars
Why Summits,Why Summits
SMISS,SMISS
Växjö kommun,Växjö kommun
Strawberry,Strawberry
Inter IKEA Group,Inter IKEA Group
European Innovation Council and SMEs Executive Agency (EISMEA),European Innovation Council and SMEs Executive Agency (EISMEA)
Hugging Face,Hugging Face
Cognician Group,Cognician Group
McKinsey & Company,McKinsey & Company
Inter IKEA,Inter IKEA
RegenBeings,RegenBeings
Lederne - Danmarks største lederorganisation,Lederne - Danmarks største lederorganisation
Oatly,Oatly
University of Agder (UiA),University of Agder (UiA)
Planet Wild,Planet Wild
Friwa Invest,Friwa Invest
Booz Allen Hamilton,Booz Allen Hamilton
"IMK - Department of Media and Communication, University of Oslo (UiO)","IMK - Department of Media and Communication, University of Oslo (UiO)"
Customer Alliance,Customer Alliance
Traace,Traace
Danish Ministry of Defence Personnel Agency,Danish Ministry of Defence Personnel Agency
Aalborg University,Aalborg University
NOCA,NOCA
Koncernservice,Koncernservice
Topsoe,Topsoe
Milestone Systems,Milestone Systems
Krovna organizacija mladih Srbije - KOMS (National Youth Council of Serbia),Krovna organizacija mladih Srbije - KOMS (National Youth Council of Serbia)
Circular Library Network (previously Munasafn RVK Tool Library),Circular Library Network (previously Munasafn RVK Tool Library)
Nordconn International,Nordconn International
Precise Biometrics,Precise Biometrics
Vrije Universiteit Amsterdam (VU Amsterdam),Vrije Universiteit Amsterdam (VU Amsterdam)
IAMRUNBOX,IAMRUNBOX
OpenX Lab,OpenX Lab
The Impact Fellowship™,The Impact Fellowship™
bp,bp
Aalborg University Copenhagen,Aalborg University Copenhagen
UNICEF,UNICEF
Publicis Groupe Middle East,Publicis Groupe Middle East
Emotional Fitness Sweden,Emotional Fitness Sweden
CESA,CESA
the LEGO Group,the LEGO Group
Nordic Sustainability,Nordic Sustainability
Humber College,Humber College
Smart Wings Introduction Services,Smart Wings Introduction Services
PANTARHEI Corporate Advisors,PANTARHEI Corporate Advisors
We The Haven,We The Haven
UnternehmerTUM,UnternehmerTUM
Circ™,Circ™
TeleClinic,TeleClinic
IDC,IDC
Volvo Cars,Volvo Cars
Uli's Kitchen,Uli's Kitchen
The Israeli Association for Ethics in Artificial Intelligence,The Israeli Association for Ethics in Artificial Intelligence
Deloitte,Deloitte
Bemsiq,Bemsiq
Malmö University,Malmö University
CB Range and CB Supply IKEA at Inter IKEA Group,CB Range and CB Supply IKEA at Inter IKEA Group
European University Institute,European University Institute
waterdrop®,waterdrop®
Prospect Schools,Prospect Schools
Testbirds,Testbirds
New York University,New York University
Essity,Essity
Allia,Allia
ECOFIDES Consulting GmbH,ECOFIDES Consulting GmbH
Footprint Intelligence,Footprint Intelligence
Lægerne Danmark,Lægerne Danmark
Futurewave,Futurewave
Yale University,Yale University
Psyche,Psyche
Swaas AB,Swaas AB
SKAD AG,SKAD AG
UX Mining,UX Mining
NewSplitter,NewSplitter
Предприниматель,Предприниматель
Swedish Nutra,Swedish Nutra
Wageningen University & Research,Wageningen University & Research
Bundesministerium für Inneres (BMI),Bundesministerium für Inneres (BMI)
Rheinische Friedrich-Wilhelms-Universität Bonn,Rheinische Friedrich-Wilhelms-Universität Bonn
Nederlandse AI Coalitie | NL AIC,Nederlandse AI Coalitie | NL AIC
Forschungsinstitut für Nachhaltigkeit (RIFS),Forschungsinstitut für Nachhaltigkeit (RIFS)
Umeå University,Umeå University
"Institute for Science and Ethics, University of Bonn","Institute for Science and Ethics, University of Bonn"
Westfälische Wilhelms-Universität Münster,Westfälische Wilhelms-Universität Münster
Universiteit van Amsterdam,Universiteit van Amsterdam
The University of Bonn,The University of Bonn
"Bonn Sustainable AI Lab, IWE","Bonn Sustainable AI Lab, IWE"
Campus of Art and Design • Trier University of Applied Sciences,Campus of Art and Design • Trier University of Applied Sciences
POLI.design,POLI.design
Weavy,Weavy
UNFCCC,UNFCCC
Decathlon,Decathlon
Ally,Ally
Stealth Startup,Stealth Startup
Dallmer GmbH + Co. KG,Dallmer GmbH + Co. KG
EDUCATION EMPOWERMENT FOR RURAL AND URBAN SLUMS INITIATIVE,EDUCATION EMPOWERMENT FOR RURAL AND URBAN SLUMS INITIATIVE
Pinteg,Pinteg
Amplify AB,Amplify AB
Barry Callebaut Group,Barry Callebaut Group
"Ministry of Industry, Business and Financial Affairs","Ministry of Industry, Business and Financial Affairs"
Amnesty International,Amnesty International
Coverflex,Coverflex
Darwin Recruitment,Darwin Recruitment
ELISAVA,ELISAVA
SupWiz,SupWiz
Ragnarson,Ragnarson
Eaton,Eaton
Emerson Export Engineering Centre Private Limited,Emerson Export Engineering Centre Private Limited
Dynata,Dynata
Centre for the Governance of AI (GovAI),Centre for the Governance of AI (GovAI)
NIBE Group,NIBE Group
Conscious Sweater MAP,Conscious Sweater MAP
Le Wagon,Le Wagon
JJA Business Consulting,JJA Business Consulting
Outout Studio,Outout Studio
StelvioTech UG,StelvioTech UG
Virtue Consultants,Virtue Consultants
DareDisrupt,DareDisrupt
UF Malmö - Association of Foreign Affairs,UF Malmö - Association of Foreign Affairs
FedEx,FedEx
EcoCash Holdings,EcoCash Holdings
Hållbarhetsteamet,Hållbarhetsteamet
Nordgetreide GmbH & Co. KG,Nordgetreide GmbH & Co. KG
SensoryWind,SensoryWind
"Bankers, Markets & Investors","Bankers, Markets & Investors"
Art of Sales Academy,Art of Sales Academy
Media Evolution,Media Evolution
IEEE,IEEE
Siemens Healthineers,Siemens Healthineers
Amazon Watch Sverige,Amazon Watch Sverige
Catalyst 2030,Catalyst 2030
CIMNE,CIMNE
WILLIAM FRY LLP,WILLIAM FRY LLP
Carbon+Alt+Delete,Carbon+Alt+Delete
Arcada University of Applied Sciences,Arcada University of Applied Sciences
Kommunals a-kassa,Kommunals a-kassa
Singularity AI,Singularity AI
Boeing,Boeing
Lebanese American University,Lebanese American University
Factfactory Ek.,Factfactory Ek.
I.S.A.A.C. International Space Asset Acceleration Company AB,I.S.A.A.C. International Space Asset Acceleration Company AB
Hyperight AB,Hyperight AB
Trifork,Trifork
BDO,BDO
Wells Fargo,Wells Fargo
European Parliament,European Parliament
OnePointFive (opf.degree),OnePointFive (opf.degree)
Combine AB,Combine AB
Skåne Startups,Skåne Startups
Botildenborg,Botildenborg
JUP Kommunikation,JUP Kommunikation
Universidad de la República,Universidad de la República
ein-des-ein,ein-des-ein
Sixth Sun Immersions,Sixth Sun Immersions
NetPort Science Park,NetPort Science Park
Connect Sverige Region Syd,Connect Sverige Region Syd
Implement Consulting Group,Implement Consulting Group
H&M Group,H&M Group
Indigenous & Modern,Indigenous & Modern
IUC Syd,IUC Syd
Too Good To Go,Too Good To Go
anmoagentic,anmoagentic
Rodller,Rodller
Padel Mates,Padel Mates
Nefab España,Nefab España
Malmö stad,Malmö stad
Weezly,Weezly
Malmö University - Institute for Sustainable Planning and Eco-Social Interventions,Malmö University - Institute for Sustainable Planning and Eco-Social Interventions
d-fine,d-fine
Återbruket Hållbarhetshub Sverige AB,Återbruket Hållbarhetshub Sverige AB
Northvolt,Northvolt
Jesus College Cambridge,Jesus College Cambridge
Tunisian Center for Social Entrepreneurship,Tunisian Center for Social Entrepreneurship
Young Animal Rescue Heroes,Young Animal Rescue Heroes
Maternity Leave,Maternity Leave
LifeFinder,LifeFinder
Migrationsverket,Migrationsverket
Glasgow Caledonian University London (GCU London),Glasgow Caledonian University London (GCU London)
The Faculty of Engineering at Lund University,The Faculty of Engineering at Lund University
EIFFF - Economic Institute for Feminine Futures,EIFFF - Economic Institute for Feminine Futures
Imperial College Business School,Imperial College Business School
Factorial,Factorial
NextGen Ethics,NextGen Ethics
RECILIO,RECILIO
Pink Programming,Pink Programming
Lund University,Lund University
Great Mix,Great Mix
MIMIR,MIMIR
Malmö universitet,Malmö universitet
Designer Jonas Hultqvist AB,Designer Jonas Hultqvist AB
TechBetter,TechBetter
ASEAN INTER-PARLIAMENTARY ASSEMBLY (AIPA) Secretariat,ASEAN INTER-PARLIAMENTARY ASSEMBLY (AIPA) Secretariat
Hive Streaming,Hive Streaming
DTU - Technical University of Denmark,DTU - Technical University of Denmark
RevOps Co-op,RevOps Co-op
Worldfavor AB,Worldfavor AB
ClimatePartner,ClimatePartner
Diaverum,Diaverum
☁️,☁️
trail,trail
Verisure,Verisure
Rekonnect,Rekonnect
Peace by Chocolate,Peace by Chocolate
Selbstständig,Selbstständig
Lina Lanterno,Lina Lanterno
Virginia Commonwealth University,Virginia Commonwealth University
emagine - Formerly Sourcing Network,emagine - Formerly Sourcing Network
Tinyfarms,Tinyfarms
reflourish - Holistic Health Consulting,reflourish - Holistic Health Consulting
Food Planet Prize & Curt Bergfors Foundation,Food Planet Prize & Curt Bergfors Foundation
freegrids,freegrids
Optoceutics,Optoceutics
miThings,miThings
Purple IVY,Purple IVY
Gate2Growth,Gate2Growth
VNTRS,VNTRS
UNIDO,UNIDO
Institut für nachhaltige Energieversorgung,Institut für nachhaltige Energieversorgung
Iris von Arnim,Iris von Arnim
Daniel Wellington,Daniel Wellington
NERIS,NERIS
KPMG Belgium,KPMG Belgium
"PerspectieF, ChristenUnie-jongeren","PerspectieF, ChristenUnie-jongeren"
Schiphol,Schiphol
Pinkball Integrated Services Limited,Pinkball Integrated Services Limited
Social Impact gGmbH,Social Impact gGmbH
Elastisys,Elastisys
Block Zero AB,Block Zero AB
Ystad Hamn Logistik AB / Port of Ystad,Ystad Hamn Logistik AB / Port of Ystad
Super,Super
Runa AI,Runa AI
Dries Jacobs,Dries Jacobs
Combine,Combine
Responsappility,Responsappility
Thought Wardrobe,Thought Wardrobe
International Federation for Systems Research (IFSR),International Federation for Systems Research (IFSR)
Hermod Creation Agency,Hermod Creation Agency
Malmö Ideella,Malmö Ideella
AFRY,AFRY
Scottish and Southern Electricity Networks,Scottish and Southern Electricity Networks
Bring Hope Humanitarian Foundation,Bring Hope Humanitarian Foundation
Amplitude Creatives,Amplitude Creatives
The audacity,The audacity
Minimal AB,Minimal AB
Signe Fleischmann Creative,Signe Fleischmann Creative
Neste,Neste
Doberman,Doberman
KU Lighthouse,KU Lighthouse
zenit.,zenit.
Probi AB,Probi AB
NordAxon,NordAxon
Nordic Agri Research (NKJ),Nordic Agri Research (NKJ)
Backtick Technologies AB,Backtick Technologies AB
Cradlenet,Cradlenet
SustainLab,SustainLab
Southern California Institute of Architecture (SCI-Arc),Southern California Institute of Architecture (SCI-Arc)
Sensative,Sensative
TM Solutions AB,TM Solutions AB
Assimilatus,Assimilatus
OP Gruppen,OP Gruppen
The Leadership Board,The Leadership Board
HP,HP
Blekinge Institute of Technology,Blekinge Institute of Technology
Codon Consulting,Codon Consulting
Prevas Test & Measurement AB,Prevas Test & Measurement AB
Vilje Tech,Vilje Tech
WhyWay,WhyWay
Aira,Aira
Nexer Group,Nexer Group
Bilburry Consulting,Bilburry Consulting
Arduino,Arduino
Earth Plus,Earth Plus
Uhura Solutions,Uhura Solutions
Trygg-Hansa,Trygg-Hansa
Make Thrive,Make Thrive
Doulos Consultants,Doulos Consultants
Nets,Nets
Catella,Catella
Alice Labs AI,Alice Labs AI
InnoArt AB,InnoArt AB
Flip Robo Technologies LLC,Flip Robo Technologies LLC
Inxects,Inxects
NaturaTua,NaturaTua
Nova School of Business and Economics,Nova School of Business and Economics
UNDP,UNDP
Transition Lab,Transition Lab
EcoManka,EcoManka
Dhofar Global,Dhofar Global
SKF Group,SKF Group
Sweco,Sweco
appliedAI Initiative GmbH,appliedAI Initiative GmbH
Aurobay (Powertrain Engineering Sweden AB),Aurobay (Powertrain Engineering Sweden AB)
SMA Solar Technology AG,SMA Solar Technology AG
Acter,Acter
Mälardalen University,Mälardalen University
ClimateHero,ClimateHero
Forenede Care AB,Forenede Care AB
HiQ,HiQ
Smalley.IT,Smalley.IT
Moolenaar,Moolenaar
"Media Evolution,Media Evolution City & The Conference","Media Evolution,Media Evolution City & The Conference"
Aylon AB,Aylon AB
IVY of Sweden,IVY of Sweden
Edgelight,Edgelight
eghed,eghed
Goava,Goava
Kurera Omsorg,Kurera Omsorg
"Royal Thai Embassy, Stockholm","Royal Thai Embassy, Stockholm"
KC Kompetenscenter,KC Kompetenscenter
Axis Communications,Axis Communications
Project Management Institute,Project Management Institute
Jämställd Utveckling Skåne,Jämställd Utveckling Skåne
MATCHi,MATCHi
Lundbeck,Lundbeck
Rasmus Dorsch Consulting AB,Rasmus Dorsch Consulting AB
Techtank Advanced Engineering Alliance,Techtank Advanced Engineering Alliance
Kommun,Kommun
Packbridge,Packbridge
Odigo Consulting AB,Odigo Consulting AB
RISE Research Institutes of Sweden,RISE Research Institutes of Sweden
Sysav,Sysav
L'Oréal,L'Oréal
Vinted,Vinted
Eterni Sweden,Eterni Sweden
Tech Concept Lab,Tech Concept Lab
Amazon Web Services (AWS),Amazon Web Services (AWS)
NatureRe Capital AG,NatureRe Capital AG
Anna Alvemalm,Anna Alvemalm
PMO Source,PMO Source
Massive Entertainment - A Ubisoft Studio,Massive Entertainment - A Ubisoft Studio
HOME - Habitat On Mother Earth,HOME - Habitat On Mother Earth
Edenred UAE,Edenred UAE
Seatrients,Seatrients
KPMG India,KPMG India
Booking.com,Booking.com
IO Interactive,IO Interactive
Changers Hub,Changers Hub
雲 Yun Consultancy,雲 Yun Consultancy
CHI Software,CHI Software
Upbeater.X,Upbeater.X
RiskSphere,RiskSphere
SUSTAiNOVA Sustainability Consulting,SUSTAiNOVA Sustainability Consulting
PerformLab AB,PerformLab AB
IMS (International Media Support),IMS (International Media Support)
Weply,Weply
Forbytes,Forbytes
divM AB,divM AB
ISEC Monitoring Systems AB,ISEC Monitoring Systems AB
G Infinity Consulting,G Infinity Consulting
Netlight,Netlight
Marly Consulting AB,Marly Consulting AB
edenceHealth NV,edenceHealth NV
SwipeJobb AB,SwipeJobb AB
AI Academy,AI Academy
Local Glimpse,Local Glimpse
OpenTech AB,OpenTech AB
Ignasiak Sustainability Consulting,Ignasiak Sustainability Consulting
Cryptica Capital,Cryptica Capital
Volvo Group,Volvo Group
AICenter,AICenter
Keskkonnaagentuur / Estonian Environment Agency,Keskkonnaagentuur / Estonian Environment Agency
Creera Consultoria - Innovation & Technology,Creera Consultoria - Innovation & Technology
AI for Business,AI for Business
Golden Ocean Solutions,Golden Ocean Solutions
Vattenfall,Vattenfall
Auszeit,Auszeit
Nordzucker AG,Nordzucker AG
Environmental Science Placement Cell Ramanujan College,Environmental Science Placement Cell Ramanujan College
IUCN,IUCN
Unilever (3P),Unilever (3P)
Röda Korset,Röda Korset
Nestlé Nespresso SA,Nestlé Nespresso SA
Ensamkommandes Förbund,Ensamkommandes Förbund
Certezza AB,Certezza AB
Al-Mesalla Organization,Al-Mesalla Organization
TikTok,TikTok
Digital Sisco,Digital Sisco
SusTechable,SusTechable
FeebeWrites Branding Services,FeebeWrites Branding Services
University of Gothenburg,University of Gothenburg
Bolt,Bolt
Kaha,Kaha
Skellefteå kommun,Skellefteå kommun
Kavall,Kavall
FLOX Robotics,FLOX Robotics
Go Vocal (formerly CitizenLab),Go Vocal (formerly CitizenLab)
Go Vocal,Go Vocal
Si The Hague Hub,Si The Hague Hub
Egenföretagare,Egenföretagare
Affärsverken Karlskrona AB,Affärsverken Karlskrona AB
HSE Spark Innovation Programme,HSE Spark Innovation Programme
Pinkmoon Apps,Pinkmoon Apps
DefaultAI,DefaultAI
Prosperous Planet,Prosperous Planet
Talent Edge,Talent Edge
Sony,Sony
Conversello,Conversello
Vinnova,Vinnova
Billion Strong,Billion Strong
ONE TRIBE,ONE TRIBE
Gruppo Buffetti SpA,Gruppo Buffetti SpA
Global Shapers Community,Global Shapers Community
Houdini Sportswear AB,Houdini Sportswear AB
Länsförsäkringar AB,Länsförsäkringar AB
Technical University of Crete / Πολυτεχνείο Κρήτης,Technical University of Crete / Πολυτεχνείο Κρήτης
Oracle,Oracle
Clusters of Sweden,Clusters of Sweden
Climanager,Climanager
Asian Infrastructure Investment Bank,Asian Infrastructure Investment Bank
Global ChangeLabs,Global ChangeLabs
Hug (Ukraine),Hug (Ukraine)
Cohabit,Cohabit
www.santacaterinaconsulting.com,www.santacaterinaconsulting.com
ekipa,ekipa
We Don't Have Time,We Don't Have Time
Paradise Group for Sustainable Development,Paradise Group for Sustainable Development
United Nations,United Nations
Tomelilla kommun,Tomelilla kommun
Jalotus,Jalotus
Don't Buy Media,Don't Buy Media
Progressio Management AB,Progressio Management AB
Circonnact,Circonnact
African Way – Association for Cooperation and Sustainable Development,African Way – Association for Cooperation and Sustainable Development
BSR,BSR
Revenue Aigency - A.I. Allbound for B2B,Revenue Aigency - A.I. Allbound for B2B
Nación Servicios,Nación Servicios
WOSP360 Training,WOSP360 Training
Sibelco Group,Sibelco Group
STARTUP Landfriend,STARTUP Landfriend
MissionC,MissionC
Ivy House,Ivy House
Vitux group,Vitux group
Institute for Health Metrics and Evaluation,Institute for Health Metrics and Evaluation
The Work Crowd,The Work Crowd
Rabobank,Rabobank
University of Vienna,University of Vienna
"aivancity School for Technology, Business & Society Paris-Cachan","aivancity School for Technology, Business & Society Paris-Cachan"
DramaQueen,DramaQueen
World Fund,World Fund
LinkedIn,LinkedIn
"Environmental Connection, LLC","Environmental Connection, LLC"
FlexiDAO,FlexiDAO
Sustainable Ocean Alliance,Sustainable Ocean Alliance
Regent College London,Regent College London
Marmalade Fish · Certified B Corporation®,Marmalade Fish · Certified B Corporation®
Sago Packaging,Sago Packaging
Fiddler,Fiddler
Working Not Working,Working Not Working
University of Oxford,University of Oxford
UKs No1 Co Ltd,UKs No1 Co Ltd
Bystanders No More,Bystanders No More
Telenor,Telenor
AgroEcological Regeneration,AgroEcological Regeneration
Camurus,Camurus
H&Z Management Consulting,H&Z Management Consulting
Kristianstads kommun,Kristianstads kommun
SwIdeas AB,SwIdeas AB
Australian College of Business Intelligence,Australian College of Business Intelligence
Zec World,Zec World
OchtendMensen,OchtendMensen
PMI Sweden Chapter,PMI Sweden Chapter
IT-Branchen,IT-Branchen
Ministère de l'Education nationale et de la Jeunesse,Ministère de l'Education nationale et de la Jeunesse
Polestar,Polestar
Social Capital Forum,Social Capital Forum
Silicon Valley Bank,Silicon Valley Bank
femtasy / Pink Internet GmbH,femtasy / Pink Internet GmbH
Bioregional Weaving Labs Collective,Bioregional Weaving Labs Collective
HETCH AB,HETCH AB
Scania Group,Scania Group
Consafe Logistics Group,Consafe Logistics Group
"HandShake Marketing AS, EventDesign","HandShake Marketing AS, EventDesign"
Youth 2030 Movement,Youth 2030 Movement
Supplemental Health Care,Supplemental Health Care
VELUX,VELUX
Techligious,Techligious
NOW GmbH,NOW GmbH
Seinäjoki University of Applied Sciences,Seinäjoki University of Applied Sciences
FOODTEL,FOODTEL
RIAHSAH Co.,RIAHSAH Co.
"Communication,Presentation skills Intercultural communication,Feedback & Evaluations","Communication,Presentation skills Intercultural communication,Feedback & Evaluations"
Health Service Executive,Health Service Executive
Nanichi Atabey,Nanichi Atabey
Mattecentrum,Mattecentrum
Wellbefy,Wellbefy
Sustainable Audits,Sustainable Audits
Radical Clarity with Claire,Radical Clarity with Claire
Hyper Island,Hyper Island
UniverKids (Codiska),UniverKids (Codiska)
ARKCo.AB,ARKCo.AB
Heimstaden,Heimstaden
Lintex,Lintex
EUROWAG,EUROWAG
Vistry Group,Vistry Group
Coop Sverige,Coop Sverige
Sensus,Sensus
Chalmers tekniska högskola,Chalmers tekniska högskola
Netherlands Defence Academy,Netherlands Defence Academy
mama health,mama health
Rethink Global,Rethink Global
Ørsted,Ørsted
Girls' Globe,Girls' Globe
ihopa.com,ihopa.com
Rejlers,Rejlers
Mikro Kapital,Mikro Kapital
Henley Business School - Africa,Henley Business School - Africa
Krinova Incubator & Science Park,Krinova Incubator & Science Park
Lekolar Education,Lekolar Education
Volvo Construction Equipment,Volvo Construction Equipment
Klarna,Klarna
Föreningen Norden,Föreningen Norden
PwC Sweden,PwC Sweden
Tietoevry,Tietoevry
Lindholmen Science Park,Lindholmen Science Park
Svaletech,Svaletech
Invest Lithuania,Invest Lithuania
Eletive,Eletive
AcadeMedia GmbH,AcadeMedia GmbH
Metabolic,Metabolic
Delegationen för Cirkulär Ekonomi,Delegationen för Cirkulär Ekonomi
Supplyzory,Supplyzory
Global Indigenous Technology House,Global Indigenous Technology House
Xvii,Xvii
GOPA Infra,GOPA Infra
SEK Svensk Exportkredit,SEK Svensk Exportkredit
Gunnebo,Gunnebo
Genpact,Genpact
IVL,IVL
UN Global Compact Network Sweden,UN Global Compact Network Sweden
Ramboll Management Consulting,Ramboll Management Consulting
Circular World Media,Circular World Media
Bower,Bower
Sustainable Buddy Initiative,Sustainable Buddy Initiative
World Climate Foundation,World Climate Foundation
Leonhardt Ventures LLC | Cal-X Stars Business Accelerator Inc,Leonhardt Ventures LLC | Cal-X Stars Business Accelerator Inc
TONOMUS,TONOMUS
Accenture,Accenture
Zynka Group,Zynka Group
Hållbar Teknik AB,Hållbar Teknik AB
Laje AS,Laje AS
Göteborgs Stad,Göteborgs Stad
REWE International AG,REWE International AG
Regeneration.VC,Regeneration.VC
Chalmers University of Technology,Chalmers University of Technology
Zalando,Zalando
The World Bank,The World Bank
Teako Minerals Corp.,Teako Minerals Corp.
COMSATS University Islamabad,COMSATS University Islamabad
Kraftringen,Kraftringen
The Carbon Trust,The Carbon Trust
Semcon,Semcon
International School Delft,International School Delft
Institute of Innovation and Responsible Development INNOWO,Institute of Innovation and Responsible Development INNOWO
The Walt Disney Company,The Walt Disney Company
Amazon,Amazon
Project A Ventures,Project A Ventures
Fotografiska,Fotografiska
OnceMore®,OnceMore®
Santander Consumer Bank - Nordics,Santander Consumer Bank - Nordics
ERM,ERM
EcoVadis,EcoVadis
Pickled Brands,Pickled Brands
OsloMet – Oslo Metropolitan University,OsloMet – Oslo Metropolitan University
Refined,Refined
Tirlán,Tirlán
CSR Europe,CSR Europe
Goodpoint AB,Goodpoint AB
sustainable AG Unternehmensberatung,sustainable AG Unternehmensberatung
Nord-Lock Group,Nord-Lock Group
Net Zero Company,Net Zero Company
Stillwater Energy,Stillwater Energy
Nilfisk,Nilfisk
apotea.se,apotea.se
BioGaia AB,BioGaia AB
Systembolaget AB,Systembolaget AB
Beans in Cup,Beans in Cup
Ellevio AB,Ellevio AB
AP Pension,AP Pension
Arla Foods,Arla Foods
Saint-Gobain Distribution Sweden AB,Saint-Gobain Distribution Sweden AB
Narva,Narva
Skanska,Skanska
CBase Inc,CBase Inc
NDA,NDA
Lantmännen Schulstad,Lantmännen Schulstad
Afield AB,Afield AB
SimCorp,SimCorp
Brunswick Real Estate,Brunswick Real Estate
Ramboll,Ramboll
BLS Industries,BLS Industries
CARE Nederland,CARE Nederland
Vingruppen i Norden AB,Vingruppen i Norden AB
Lindt & Sprüngli,Lindt & Sprüngli
Nilorn Worldwide,Nilorn Worldwide
Dutt CSR Consulting AB,Dutt CSR Consulting AB
Stena Recycling AB,Stena Recycling AB
Icebug AB,Icebug AB
Wihlborgs Fastigheter,Wihlborgs Fastigheter
Compass Group Sverige,Compass Group Sverige
Carlsberg Sverige AB,Carlsberg Sverige AB
Mycronic,Mycronic
Danfoss,Danfoss
Beckers Group,Beckers Group
Kährs Group,Kährs Group
Infra Motion Labs,Infra Motion Labs
"City of Salisbury, South Australia","City of Salisbury, South Australia"
Position Green,Position Green
ARC Arise Consulting,ARC Arise Consulting
Monteverde Community Fund,Monteverde Community Fund
ZŠ Hovorčovická,ZŠ Hovorčovická
COP29 Azerbaijan,COP29 Azerbaijan
Yun Consultancy,Yun Consultancy
adelphi,adelphi
RadCap,RadCap
AO Foundation,AO Foundation
Conscious Enterprises Network,Conscious Enterprises Network
Lightyears,Lightyears
Realize AB,Realize AB
ALDI SÜD,ALDI SÜD
33A,33A
EventsTags,EventsTags
ICLEI Europe,ICLEI Europe
Lomma kommun,Lomma kommun
Global Maritime Forum,Global Maritime Forum
sund resurs i Skandinavien AB,sund resurs i Skandinavien AB
Bürgerstiftung Pfalz,Bürgerstiftung Pfalz
Quranium,Quranium
FOUR PAWS,FOUR PAWS
Galvanised,Galvanised
Men's Association for Gender Equality - Sierra Leone,Men's Association for Gender Equality - Sierra Leone
EY,EY
Bosbec,Bosbec
Clarusway,Clarusway
LINK arkitektur,LINK arkitektur
Stockholm Resilience Centre,Stockholm Resilience Centre
Göteborgs Stadsmission,Göteborgs Stadsmission
Byewaste,Byewaste
Furhat Robotics,Furhat Robotics
Hampton,Hampton
HealthPassionClub.com,HealthPassionClub.com
Stevens Consulting Group (Nordics),Stevens Consulting Group (Nordics)
Global Fashion Agenda,Global Fashion Agenda
IM Swedish Development Partner,IM Swedish Development Partner
Khan Bank,Khan Bank
C&C Apple Premium Partner,C&C Apple Premium Partner
RMIT University,RMIT University
Yuhu Learns,Yuhu Learns
Verv Management,Verv Management
Københavns Kommune,Københavns Kommune
FEI Företagsekonomiska Institutet,FEI Företagsekonomiska Institutet
TACO FOOD TRUCK,TACO FOOD TRUCK
Monday,Monday
Quinyx,Quinyx
Lufthansa Systems,Lufthansa Systems
Förnyelselabbet,Förnyelselabbet
Carlsberg Group,Carlsberg Group
Hybrid Greentech - Energy Storage Intelligence,Hybrid Greentech - Energy Storage Intelligence
Skara kommun,Skara kommun
Customertimes Corp,Customertimes Corp
2050,2050
"Nordea Markets, Corporates & Institutions","Nordea Markets, Corporates & Institutions"
Toolspace,Toolspace
Jezeroc Design,Jezeroc Design
Laris Fastigheter,Laris Fastigheter
Stampe Andersen ApS,Stampe Andersen ApS
Emerge,Emerge
Nordic Stone Studio,Nordic Stone Studio
Unconventional Ventures,Unconventional Ventures
CO2 AI,CO2 AI
Dreamcraft Ventures,Dreamcraft Ventures
Nexxiot,Nexxiot
Copenhagen Infrastructure Service Co.,Copenhagen Infrastructure Service Co.
Waypoint,Waypoint
Chartton Coaching,Chartton Coaching
EOLUS VIND AB (PUBL).,EOLUS VIND AB (PUBL).
ustwo,ustwo
Hyme,Hyme
Cirkulator Design,Cirkulator Design
unikk.me,unikk.me
Acetrait AB,Acetrait AB
Skywalk Innovations,Skywalk Innovations
Systems Innovation,Systems Innovation
European External Action Service,European External Action Service
FunktionellForm Stockholm,FunktionellForm Stockholm
Phonak Sverige,Phonak Sverige
Axfoundation,Axfoundation
Changency Sweden,Changency Sweden
PwC Deutschland,PwC Deutschland
City of Amsterdam,City of Amsterdam
Ligula Hospitality Group,Ligula Hospitality Group
ARCY,ARCY
GILE Digital Solutions & @Sindibad group,GILE Digital Solutions & @Sindibad group
Dialectiq.org,Dialectiq.org
Invest in Skåne,Invest in Skåne
Crédit Agricole Alpes Provence,Crédit Agricole Alpes Provence
BUSINESS & AI,BUSINESS & AI
Qineticare - family office for health and wellbeing,Qineticare - family office for health and wellbeing
Wolt,Wolt
Galp,Galp
The Regenerative Enterprise,The Regenerative Enterprise
"IM, Individuell Människohjälp","IM, Individuell Människohjälp"
Föreningen för utvecklingsfrågor (FUF),Föreningen för utvecklingsfrågor (FUF)
Lead Forensics,Lead Forensics
Linguistics of Leadership,Linguistics of Leadership
Just Sustainable AB,Just Sustainable AB
Deutsche Gesellschaft für Internationale Zusammenarbeit GmbH,Deutsche Gesellschaft für Internationale Zusammenarbeit GmbH
AIHM Institute of Hotel Management - India,AIHM Institute of Hotel Management - India
ExxonMobil,ExxonMobil
Min Doktor,Min Doktor
Print Eazy,Print Eazy
Neurons Lab,Neurons Lab
Elonroad,Elonroad
onepoint,onepoint
Swedish Migration Agency,Swedish Migration Agency
University of Augsburg,University of Augsburg
Hyatt Regency,Hyatt Regency
Humly,Humly
ASSA ABLOY Entrance Systems,ASSA ABLOY Entrance Systems
Tolmao Group,Tolmao Group
The Circular Economist,The Circular Economist
GLG,GLG
Rädda Barnen / Save the Children Sweden,Rädda Barnen / Save the Children Sweden
RFSL,RFSL
IKEA Indirect Materials & Services,IKEA Indirect Materials & Services
Duni Group,Duni Group
Rymdkapital,Rymdkapital
TrusTrace,TrusTrace
Food Fermentation Europe,Food Fermentation Europe
Sales Label Consulting,Sales Label Consulting
iReGen,iReGen
Interkultur i Lund (Eos Cares),Interkultur i Lund (Eos Cares)
Anna Blixt,Anna Blixt
Timepieces of Sweden AB,Timepieces of Sweden AB
Gårdsfisk,Gårdsfisk
Level Malmö,Level Malmö
Treetop Partners,Treetop Partners
ProvoxGlobal,ProvoxGlobal
Københavns Universitet - University of Copenhagen,Københavns Universitet - University of Copenhagen
Byggevolution i Sverige AB,Byggevolution i Sverige AB
Sea Shepherd Global,Sea Shepherd Global
Halmstads kommun,Halmstads kommun
MHP – A Porsche Company,MHP – A Porsche Company
Huddinge kommun,Huddinge kommun
Simply NoWaste,Simply NoWaste
Nordic-China Startup Forum,Nordic-China Startup Forum
Framtiden,Framtiden
Intropic Materials,Intropic Materials
Triathlon England,Triathlon England
ImpactNexus,ImpactNexus
Element Fitness,Element Fitness
Villa Wolax,Villa Wolax
RZB LTD,RZB LTD
Linköping Science Park,Linköping Science Park
Bonnier News,Bonnier News
Tetra Pak,Tetra Pak
Cambridge University Press & Assessment,Cambridge University Press & Assessment
T.C. Kuzey Anadolu Kalkınma Ajansı (KUZKA),T.C. Kuzey Anadolu Kalkınma Ajansı (KUZKA)
Talent Embassy,Talent Embassy
Archer Daniels Midland Company,Archer Daniels Midland Company
Instituto Oyá,Instituto Oyá
HortiCulture Nursery,HortiCulture Nursery
Citizens Advice,Citizens Advice
Michelle Minnikin Coaching,Michelle Minnikin Coaching
foodpanda,foodpanda
Manje Health,Manje Health
MrsLindh.com,MrsLindh.com
"Formas, a Swedish Research Council for Sustainable Development","Formas, a Swedish Research Council for Sustainable Development"
Qt Group,Qt Group
Departament esucació catalunya,Departament esucació catalunya
SRS Security,SRS Security
Southern Lights AB,Southern Lights AB
ECOnGOOD,ECOnGOOD
Dagens Industri,Dagens Industri
Insight Visions,Insight Visions
Prinsparets Stiftelse,Prinsparets Stiftelse
Helsingborg Innovation District,Helsingborg Innovation District
Ocean Media Group Ltd.,Ocean Media Group Ltd.
Queen of Raw,Queen of Raw
Good4.Global,Good4.Global
Force of Nature,Force of Nature
Ommej,Ommej
Inner Development Goals,Inner Development Goals
Electricity Maps,Electricity Maps
SIWI - Stockholm International Water Institute,SIWI - Stockholm International Water Institute
Empowering Potential,Empowering Potential
Flying Tiger Copenhagen,Flying Tiger Copenhagen
Psykiatripartners i Östergötland,Psykiatripartners i Östergötland
Lun,Lun
Ivane Javakhishvili Tbilisi State University,Ivane Javakhishvili Tbilisi State University
University of Geneva,University of Geneva
Siemens,Siemens
Tata Technologies,Tata Technologies
Skellefteå Kraft,Skellefteå Kraft
Påander Partner AB,Påander Partner AB
The Cynefin Company,The Cynefin Company
KAOSPILOT,KAOSPILOT
HH Innovation AB,HH Innovation AB
Hamoye.com,Hamoye.com
Konecranes,Konecranes
Sustainable Ventures,Sustainable Ventures
IKEA Sverige,IKEA Sverige
Moment Management,Moment Management
Câmara de Comércio e Indústria Luso-Espanhola,Câmara de Comércio e Indústria Luso-Espanhola
A11yLab,A11yLab
Regeringskansliet,Regeringskansliet
Plasman,Plasman
CGI,CGI
Axiell Group,Axiell Group
Fidelity Investments,Fidelity Investments
Försvarshögskolan,Försvarshögskolan
Emprogage AB,Emprogage AB
ENDLOS Sustainability Consulting,ENDLOS Sustainability Consulting
Nordic Scholars Leadership Institute,Nordic Scholars Leadership Institute
Accelerated Growth AB,Accelerated Growth AB
Zaplox,Zaplox
1337,1337
Youth Fashion Summit,Youth Fashion Summit
Kami Compliance,Kami Compliance
FairWild Foundation,FairWild Foundation
ABB,ABB
"Guzman & Griffin Technologies, Inc. (GGTI)","Guzman & Griffin Technologies, Inc. (GGTI)"
Onvega AB,Onvega AB
Above.se,Above.se
Mötesplats Social Innovation,Mötesplats Social Innovation
Bunzl Distribution Danmark A/S,Bunzl Distribution Danmark A/S
Trafikverket,Trafikverket
Commonwealth Bank,Commonwealth Bank
IREX,IREX
Apple,Apple
Futurely AB,Futurely AB
Clowner utan Gränser,Clowner utan Gränser
European Patent Office,European Patent Office
Danmarks Idrætsforbund (DIF),Danmarks Idrætsforbund (DIF)
UNOPS,UNOPS
Klippa,Klippa
Human Rights Watch,Human Rights Watch
FOJAB,FOJAB
gridX,gridX
Normative.io,Normative.io
Norden Impact,Norden Impact
Svensk Fastighetsförmedling,Svensk Fastighetsförmedling
Travel To Foods,Travel To Foods
Tauragės rajono savivaldybė,Tauragės rajono savivaldybė
SGDS Gruppen AB,SGDS Gruppen AB
Nuuday,Nuuday
Barnfonden,Barnfonden
"NOIMA, Sustainability Strategies","NOIMA, Sustainability Strategies"
PA Consulting,PA Consulting
LINK Arkitektur,LINK Arkitektur
It's thyme,It's thyme
TechforH,TechforH
UNDER ONE SKY,UNDER ONE SKY
International Agriculture Consulting Group - IACG,International Agriculture Consulting Group - IACG
Swedish Red Cross,Swedish Red Cross
Perstorp Group,Perstorp Group
Ballast Nedam,Ballast Nedam
Novo Nordisk,Novo Nordisk
Collegio Carlo Alberto,Collegio Carlo Alberto
Partner in Change AB,Partner in Change AB
Matter,Matter
Kintobe,Kintobe
Kaisa International Resort 佳兆业国际乐园集团,Kaisa International Resort 佳兆业国际乐园集团
Morrison Cook Collective,Morrison Cook Collective
"University of California, Berkeley, Haas School of Business","University of California, Berkeley, Haas School of Business"
360platform Inc.,360platform Inc.
Fivetran,Fivetran
Otto Group,Otto Group
Clef,Clef
Hogeschool Rotterdam,Hogeschool Rotterdam
Aquera,Aquera
InSec,InSec
Hitachi Energy,Hitachi Energy
Lupinta®,Lupinta®
Lime,Lime
WNS Global Services,WNS Global Services
SoftwareSuggest,SoftwareSuggest
5Core Digital Marketing,5Core Digital Marketing
VATI of Sweden,VATI of Sweden
Justworx,Justworx
Predli,Predli
Region Gävleborg,Region Gävleborg
eSmart Systems,eSmart Systems
Hays,Hays
Pickingright,Pickingright
Phoenix Contact,Phoenix Contact
"WASP – Wallenberg AI, Autonomous Systems and Software Program","WASP – Wallenberg AI, Autonomous Systems and Software Program"
Impact Hub Stockholm,Impact Hub Stockholm
Alfa Laval,Alfa Laval
Green Planet Solutions GmbH & Co. KG,Green Planet Solutions GmbH & Co. KG
Recorded Future,Recorded Future
Hotel Ländli,Hotel Ländli
ifok GmbH,ifok GmbH
Accelerace,Accelerace
Germany in the UN,Germany in the UN
soulbottles • soulproducts GmbH,soulbottles • soulproducts GmbH
KPMG Sweden,KPMG Sweden
Slam Out Loud,Slam Out Loud
Consid,Consid
FyFly,FyFly
OpenTech,OpenTech
Roi Rekrytering,Roi Rekrytering
Ericsson,Ericsson
JAR Audio,JAR Audio
"Ontario Veterinary College, University of Guelph","Ontario Veterinary College, University of Guelph"
Innovation Zero,Innovation Zero
Piku - Nya tankar i rörelse,Piku - Nya tankar i rörelse
Øresundsbron,Øresundsbron
Dostep AB,Dostep AB
Telge,Telge
uCertify.com,uCertify.com
Nordic Investin Group Aktiebolag,Nordic Investin Group Aktiebolag
Global Resilience Partnership,Global Resilience Partnership
ExplorativAI,ExplorativAI
Greenpeace Schweiz,Greenpeace Schweiz
NBI/Handelsakademin,NBI/Handelsakademin
Leedly,Leedly
HubSpot,HubSpot
RWE,RWE
Amsterdam Fashion Institute,Amsterdam Fashion Institute
The StoryBoard Collective,The StoryBoard Collective
Handelsbanken,Handelsbanken
Aeterna Labs (Adlede),Aeterna Labs (Adlede)
DevBridge Sverige,DevBridge Sverige
Edument AB,Edument AB
Nolato MediTech AB,Nolato MediTech AB
Vellinge kommun,Vellinge kommun
Smartoptics,Smartoptics
Svenska Molnlösningar AB,Svenska Molnlösningar AB
Deutsche Gesellschaft für Internationale Zusammenarbeit (GIZ) GmbH,Deutsche Gesellschaft für Internationale Zusammenarbeit (GIZ) GmbH
Karl-Erik Grevendahl Development AB,Karl-Erik Grevendahl Development AB
Eyecare4you,Eyecare4you
Entradia,Entradia
Uppvidinge kommun,Uppvidinge kommun
Stealth Mode Startup Company,Stealth Mode Startup Company
A GEN Z company,A GEN Z company
Innovation Skåne,Innovation Skåne
Advania Sverige,Advania Sverige
DKB | Deutsche Kreditbank AG,DKB | Deutsche Kreditbank AG
Nordea,Nordea
"ETSI Agronómica, Alimentaria y de Biosistemas - ETSIAAB","ETSI Agronómica, Alimentaria y de Biosistemas - ETSIAAB"
Wiklunds,Wiklunds
E.ON Sverige,E.ON Sverige
Stockholms stad,Stockholms stad
Perception Paradox,Perception Paradox
FORGO,FORGO
GREEN INNOVATION GROUP A/S,GREEN INNOVATION GROUP A/S
around the world,around the world
TED Conferences,TED Conferences
Enact Sustainable Strategies,Enact Sustainable Strategies
SustainX,SustainX
Škoda Auto Vysoká škola,Škoda Auto Vysoká škola
Secretaria de Educación Distrital,Secretaria de Educación Distrital
Rädda Barnens Ungdomsförbund,Rädda Barnens Ungdomsförbund
Equus Software,Equus Software
RemotiveLabs,RemotiveLabs
BMB Technologie,BMB Technologie
Graph Brands,Graph Brands
Cisco,Cisco
Ha My Yoga,Ha My Yoga
Glo-Ray Designs,Glo-Ray Designs
prime project AB,prime project AB
Devico Solutions,Devico Solutions
SWENODE.AI,SWENODE.AI
RAFFELS HOSPITALS PRIVATE LIMITED,RAFFELS HOSPITALS PRIVATE LIMITED
NunkyWorld,NunkyWorld
Carnegie Mellon School of Design,Carnegie Mellon School of Design
Almuhtarifoon Company,Almuhtarifoon Company
Management Partners Malmö Stockholm,Management Partners Malmö Stockholm
Combient Foundry,Combient Foundry
Nortal,Nortal
Häll Invest AB,Häll Invest AB
DOCUBYTE SOFTWARE SOLUTIONS PVT. LTD.,DOCUBYTE SOFTWARE SOLUTIONS PVT. LTD.
Grant Thornton Sweden,Grant Thornton Sweden
The Conference Board,The Conference Board
Go Cirkulär,Go Cirkulär
The Berkeley Innovation Group,The Berkeley Innovation Group
Cartwheel,Cartwheel
InOutUp Collective,InOutUp Collective
"Vector Laboratories, Inc.","Vector Laboratories, Inc."
Social Security Scotland,Social Security Scotland
Ecolab,Ecolab
DataEthics.eu,DataEthics.eu
Emerline,Emerline
Smart Kids,Smart Kids
UNICRI - United Nations Interregional Crime and Justice Research Institute,UNICRI - United Nations Interregional Crime and Justice Research Institute
EQT Ventures,EQT Ventures
EIT - European Institute of Innovation and Technology,EIT - European Institute of Innovation and Technology
"University of California, Berkeley","University of California, Berkeley"
Connected Places Catapult,Connected Places Catapult
Qlik,Qlik
R3 reklambyrå,R3 reklambyrå
Volumetree,Volumetree
Vialto Partners Sweden,Vialto Partners Sweden
Ristorante RetroGusto,Ristorante RetroGusto
Staike AB,Staike AB
Danone,Danone
KIN Center for Digital Innovation,KIN Center for Digital Innovation
Kearney,Kearney
Groupe Eram,Groupe Eram
nobiz,nobiz
Arkatay,Arkatay
RE Generation Thailand,RE Generation Thailand
TSS,TSS
Upwork,Upwork
Pava Partners,Pava Partners
Anabilim Eğitim Kurumları,Anabilim Eğitim Kurumları
GOODIEBOX,GOODIEBOX
Budapest Brand Nonprofit Plc.,Budapest Brand Nonprofit Plc.
Klim,Klim
Global,Global
Setterwalls advokatbyrå,Setterwalls advokatbyrå
Öresundskraft AB,Öresundskraft AB
United Nations ESCAP,United Nations ESCAP
Skurups kommun,Skurups kommun
Tempiro.com,Tempiro.com
Hogia Group,Hogia Group
ACTIA Nordic AB,ACTIA Nordic AB
Kulturkvarteret,Kulturkvarteret
Västra Götalandsregionen,Västra Götalandsregionen
Aneheim Consulting,Aneheim Consulting
Zhejiang University of Finance & Economics,Zhejiang University of Finance & Economics
Alvier Mechatronics,Alvier Mechatronics
Digitalisering - Västra Götalandsregionen (VGR),Digitalisering - Västra Götalandsregionen (VGR)
B3 Commit,B3 Commit
BEIJER INDUSTRI AB,BEIJER INDUSTRI AB
Monvir Terminals,Monvir Terminals
Sandvik,Sandvik
Thule Group,Thule Group
Celemi - Making Change Happen,Celemi - Making Change Happen
Brave Collaboration,Brave Collaboration
Aptiv,Aptiv
LearningLEAD,LearningLEAD
Weland Solutions AB,Weland Solutions AB
Wellingtone Project Management,Wellingtone Project Management
Saab,Saab
Curago,Curago
European Spallation Source ERIC,European Spallation Source ERIC
Hemviken Communication AB www.amihemviken.se,Hemviken Communication AB www.amihemviken.se
freelance,freelance
Boxflow Logistics,Boxflow Logistics
Nonica.io,Nonica.io
Winner's Circle Training,Winner's Circle Training
Company name under NDA,Company name under NDA
Scopely,Scopely
NeoTech Design,NeoTech Design
ACUPOWER LTD,ACUPOWER LTD
ASCIC Not for profit,ASCIC Not for profit
Monta,Monta
Schneider Electric,Schneider Electric
MIT World Peace University,MIT World Peace University
ServReality,ServReality
Udda,Udda
Kyiv Gestalt University,Kyiv Gestalt University
"Acrivon Therapeutics, Inc.","Acrivon Therapeutics, Inc."
Nexio Projects,Nexio Projects
Trees For Me,Trees For Me
KIOSK SERVICES,KIOSK SERVICES
WeSafe,WeSafe
Dablju,Dablju
anch.AI,anch.AI
Cary Group,Cary Group
Gilbert Silvius,Gilbert Silvius
Hood College,Hood College
Buy Yourself,Buy Yourself
Kenya Climate Innovation Center (KCIC),Kenya Climate Innovation Center (KCIC)
TRETORN,TRETORN
Atea Sverige,Atea Sverige
Meta,Meta
ProjectTogether,ProjectTogether
Coderluca,Coderluca
World Economic Forum,World Economic Forum
Catus Consultants GmbH,Catus Consultants GmbH
Social Innovation Lab,Social Innovation Lab
One Agency Sweden AB,One Agency Sweden AB
Henley Business School Finland,Henley Business School Finland
Young Arbitrators Copenhagen,Young Arbitrators Copenhagen
FrontIoT,FrontIoT
Again,Again
Ecobio Oy,Ecobio Oy
Culmas.io,Culmas.io
Koanuka Films & Marketing,Koanuka Films & Marketing
Chapter Zero,Chapter Zero
sun&rise,sun&rise
University of Southampton,University of Southampton
RWTH Aachen University,RWTH Aachen University
International Potato Center (CIP),International Potato Center (CIP)
Ikano Group,Ikano Group
Malmö Stad,Malmö Stad
KPMG Deutschland,KPMG Deutschland
LivaNova,LivaNova
LJA Marketing,LJA Marketing
Forrester,Forrester
Breda University of Applied Sciences,Breda University of Applied Sciences
Bastien Ventures,Bastien Ventures
ratio letselschade,ratio letselschade
Deutsche Stiftung Denkmalschutz,Deutsche Stiftung Denkmalschutz
Alliance for Global Health,Alliance for Global Health
Benesch,Benesch
Sinch,Sinch
WSP i Sverige,WSP i Sverige
ROM Utrecht Region,ROM Utrecht Region
King's College International School Bangkok,King's College International School Bangkok
PropTech Denmark,PropTech Denmark
Gravity Climate,Gravity Climate
Pharmista Technologies,Pharmista Technologies
Haglöfs,Haglöfs
sustainable AG,sustainable AG
Trinomics,Trinomics
circuly,circuly
Zeekr Technology Europe,Zeekr Technology Europe
AKDB,AKDB
Österreichisches Ökologie-Institut (Austrian Institute of Ecology),Österreichisches Ökologie-Institut (Austrian Institute of Ecology)
App Shack,App Shack
HemoCue AB,HemoCue AB
KTH Royal Institute of Technology,KTH Royal Institute of Technology
Bontouch,Bontouch
SOLVE Studio,SOLVE Studio
Cerrion,Cerrion
Better Collective,Better Collective
Nordnet Bank AB,Nordnet Bank AB
The Workshop,The Workshop
J Lind Webdesign,J Lind Webdesign
GeTillsammans.se,GeTillsammans.se
GlobalLogic,GlobalLogic
Innoven Portage,Innoven Portage
Luleå tekniska universitet,Luleå tekniska universitet
Playtech,Playtech
Novo Nordisk Foundation,Novo Nordisk Foundation
Payhawk — Spend and Scale. Globally.,Payhawk — Spend and Scale. Globally.
Issuu,Issuu
boost.ai,boost.ai
Netcompany,Netcompany
Aiimi,Aiimi
www.kiranvas.com,www.kiranvas.com
Additude AB,Additude AB
Podimo,Podimo
J.LINDEBERG,J.LINDEBERG
Lemonade,Lemonade
Creditsafe,Creditsafe
Forefront,Forefront
TP-Link Enterprises Nordic AB,TP-Link Enterprises Nordic AB
Holland House Mexico,Holland House Mexico
AxÖ Consulting AB,AxÖ Consulting AB
eMinded GmbH,eMinded GmbH
AllasTrygghet,AllasTrygghet
Gardevärn,Gardevärn
Bienes Raices,Bienes Raices
Sawiday,Sawiday
Study Group,Study Group
inriver,inriver
Consid AB,Consid AB
Evidente,Evidente
Smart Refill AB,Smart Refill AB
IMI Supply Chain Solutions,IMI Supply Chain Solutions
Enel X,Enel X
Distriktstandvården,Distriktstandvården
PwC Danmark,PwC Danmark
MinterCraft,MinterCraft
Robot Minds,Robot Minds
nShift,nShift
Uppsala kommun,Uppsala kommun
https://leaderbattery.com/solar-battery/,https://leaderbattery.com/solar-battery/
AVEVA,AVEVA
Nexer Insight,Nexer Insight
FC Flora Tallinn,FC Flora Tallinn
Tendo AB,Tendo AB
Pluspraktik Norden AB,Pluspraktik Norden AB
TV4,TV4
Ento Collective,Ento Collective
Beltton - Improves your workspace,Beltton - Improves your workspace
Mindkicker,Mindkicker
Ebbot,Ebbot
算能,算能
Sony Startup Acceleration Program Europe,Sony Startup Acceleration Program Europe
Sony Mobile Communications,Sony Mobile Communications
Fleetmonitor,Fleetmonitor
Sveriges Tolkresurs AB,Sveriges Tolkresurs AB
PostNord,PostNord
Cocoon Airbag Protection AB,Cocoon Airbag Protection AB
Service Works Global,Service Works Global
Uniti Electric Car,Uniti Electric Car
Aptis AB,Aptis AB
Anatomic Studios,Anatomic Studios
Tecno Motor Mallorca,Tecno Motor Mallorca
Parker Hannifin,Parker Hannifin
Alvarez & Marsal,Alvarez & Marsal
Clavister,Clavister
Skånetrafiken,Skånetrafiken
United Talent Agency,United Talent Agency
CCC,CCC
Södertälje Sportklubb (SSK),Södertälje Sportklubb (SSK)
Alfa Laval Nijmegen,Alfa Laval Nijmegen
Youngstival,Youngstival
COLOURS European University Alliance,COLOURS European University Alliance
Liseberg,Liseberg
Resurs,Resurs
Lion d'or 59/02,Lion d'or 59/02
Wipak,Wipak
Clever Compliance,Clever Compliance
ADEME,ADEME
Swissquote,Swissquote
Smartfish AS,Smartfish AS
Högskolan Kristianstad,Högskolan Kristianstad
ONOFF Security System,ONOFF Security System
P.L. Audio AB,P.L. Audio AB
Embarc,Embarc
DIA Association,DIA Association
ChipSoft,ChipSoft
Copenhagen Optimization,Copenhagen Optimization
Asahi Europe & International,Asahi Europe & International
Christian Louboutin,Christian Louboutin
Bazelmans AV,Bazelmans AV
Atlas Copco Group,Atlas Copco Group
Montpellier Management,Montpellier Management
Toyota Material Handling Italia,Toyota Material Handling Italia
RapidImages,RapidImages
Electrolux Group,Electrolux Group
The Dragonfly Standard,The Dragonfly Standard
Procter & Gamble,Procter & Gamble
